voterSlug	position	author	work	openLibraryId
adam-roberts	1	J.R.R. Tolkien	The Lord of the Rings	OL27448W
adam-roberts	2	George Eliot	Middlemarch	OL25411286W
adam-roberts	3	Chinua Achebe	Things Fall Apart	OL891786W
adam-roberts	4	Ursula K. Le Guin	Earthsea	OL59794W
adam-roberts	5	Vladimir Nabokov	Pnin	OL44820011W
adam-roberts	6	Charles Dickens	Bleak House	OL14868510W
adam-roberts	7	Walter Scott	The Heart of Midlothian	OL863735W
adam-roberts	8	H. G. Wells	The War of the Worlds	OL52114W
adam-roberts	9	Toni Morrison	Beloved	OL50548W
adam-roberts	10	Christopher Priest	The Inverted World	OL166496W
adam-thirlwell	1	Leo Tolstoy	War and Peace	OL36765642W
adam-thirlwell	2	Marcel Proust	In Search of Lost Time	OL1190289W
adam-thirlwell	3	Robert Musil	The Man Without Qualities	OL1330246W
adam-thirlwell	4	Laurence Sterne	The Life and Opinions of Tristram Shandy, Gentleman	OL679230W
adam-thirlwell	5	Virginia Woolf	Orlando	OL39360W
adam-thirlwell	6	Bohumil Hrabal	I Served the King of England	OL847902W
adam-thirlwell	7	Franz Kafka	The Trial	OL498463W
adam-thirlwell	8	Gertrude Stein	The Autobiography of Alice B. Toklas	OL37277W
adam-thirlwell	9	Georges Perec	Life, a User's Manual	OL1715276W
adam-thirlwell	10	Colette	Chéri	OL1184871W
ahdaf-soueif	1	George Eliot	Middlemarch	OL25411286W
ahdaf-soueif	2	Leo Tolstoy	Anna Karenina	OL267096W
ahdaf-soueif	3	Giuseppe Tomasi di Lampedusa	The Leopard	OL43043476W
ahdaf-soueif	4	Laurence Sterne	A Sentimental Journey	OL41597565W
ahdaf-soueif	5	Álvaro Enrigue	Sudden Death	OL16821748W
ahdaf-soueif	6	Charles Dickens	Great Expectations	OL8721462W
ahdaf-soueif	7	Jane Austen	Pride and Prejudice	OL66554W
ahdaf-soueif	8	J. D. Salinger	The Catcher in the Rye	OL3335245W
ahdaf-soueif	9	Ernest Hemingway	A Farewell to Arms	OL63072W
ahdaf-soueif	10	Gabriel García Márquez	One Hundred Years of Solitude	OL274505W
aida-edemariam	1	George Eliot	Middlemarch	OL25411286W
aida-edemariam	2	F Scott Fitzgerald	The Great Gatsby	OL468431W
aida-edemariam	3	L. P. Hartley	The Go-Between	OL2047674W
aida-edemariam	4	Jane Austen	Emma	OL66513W
aida-edemariam	5	Toni Morrison	Beloved	OL50548W
aida-edemariam	6	Virginia Woolf	Mrs Dalloway	OL39349W
aida-edemariam	7	James Baldwin	If Beale Street Could Talk	OL228720W
aida-edemariam	8	Alice Munro	Lives of Girls and Women	OL931688W
aida-edemariam	9	Colette	The Vagabond	OL1184856W
aida-edemariam	10	VS Naipaul	A House for Mr Biswas	OL103113W
alain-mabanckou	1	Chinua Achebe	Things Fall Apart	OL891786W
alain-mabanckou	2	Amos Tutuola	Palm-Wine Drinkard	OL3942386W
alain-mabanckou	3	Bohumil Hrabal	Too Loud a Solitude	OL11728724W
alain-mabanckou	4	Juan Rulfo	Pedro Páramo	OL1731119W
alain-mabanckou	5	Franz Kafka	The Trial	OL498463W
alain-mabanckou	6	Umberto Eco	The Name of the Rose	OL8996439W
alain-mabanckou	7	Dino Buzzati	The Tartar Steppe	OL1437339W
alain-mabanckou	8	Primo Levi	If This Is a Man / the Truce	OL860032W
alain-mabanckou	9	Jack Kerouac	On the Road	OL65906W
alain-mabanckou	10	J. D. Salinger	The Catcher in the Rye	OL3335245W
alberto-manguel	1	Miguel de Cervantes	Don Quixote	OL503666W
alberto-manguel	2	Herman Melville	Moby-Dick	OL102749W
alberto-manguel	3	Julio Cortázar	Hopscotch	OL14860424W
alberto-manguel	4	James Joyce	Ulysses	OL86318W
alberto-manguel	5	Gabriel García Márquez	One Hundred Years of Solitude	OL274505W
alberto-manguel	6	George Orwell	Nineteen Eighty-Four	OL1168083W
alberto-manguel	7	Mary Shelley	Frankenstein	OL450063W
alberto-manguel	8	Murasaki Shikibu	The Tale of Genji	OL2564006W
alberto-manguel	9	Franz Kafka	The Metamorphosis	OL498556W
alberto-manguel	10	Robert Louis Stevenson	Dr. Jekyll and Mr. Hyde	OL24156W
alex-clark	1	George Eliot	Middlemarch	OL25411286W
alex-clark	2	Marcel Proust	In Search of Lost Time	OL1190289W
alex-clark	3	James Joyce	Ulysses	OL86318W
alex-clark	4	Italo Calvino	If on a Winter's Night a Traveller	OL21784995W
alex-clark	5	Doris Lessing	The Golden Notebook	OL31259W
alex-clark	6	Ralph Ellison	Invisible Man	OL495470W
alex-clark	7	V. S. Naipaul	A Bend in the River	OL103108W
alex-clark	8	Marilynne Robinson	Gilead	OL1875009W
alex-clark	9	Virginia Woolf	To the Lighthouse	OL39396W
alex-clark	10	A. S. Byatt	Still Life	OL25796415W
alex-needham	1	Vasily Grossman	Life and Fate	OL157104W
alex-needham	2	Vladimir Nabokov	Pale Fire	OL627081W
alex-needham	3	Fernanda Melchor	Hurricane Season	OL17792692W
alex-needham	4	Alan Hollinghurst	The Line of Beauty	OL1993508W
alex-needham	5	George Eliot	Middlemarch	OL25411286W
alex-needham	6	Jane Austen	Mansfield Park	OL66530W
alex-needham	7	John Updike	A Rabbit Omnibus	OL43317320W
alex-needham	8	WG Sebald	Austerlitz	OL46615W
alex-needham	9	Doris Lessing	The Golden Notebook	OL31259W
alex-needham	10	Paul Golding	Senseless	OL5869550W
alexandra-harris	1	Virginia Woolf	To the Lighthouse	OL39396W
alexandra-harris	2	Virginia Woolf	The Waves	OL39316W
alexandra-harris	3	Thomas Hardy	The Return of the Native	OL44994W
alexandra-harris	4	Virginia Woolf	Jacob's Room	OL39329W
alexandra-harris	5	Willa Cather	My Ántonia	OL12791W
alexandra-harris	6	Laurence Sterne	The Life and Opinions of Tristram Shandy, Gentleman	OL679230W
alexandra-harris	7	James Joyce	Ulysses	OL86318W
alexandra-harris	8	Ford Madox Ford	The Good Soldier	OL509889W
alexandra-harris	9	Hilary Mantel	The Mirror and the Light	OL20665410W
alexandra-harris	10	Ali Smith	How to Be Both	OL17063057W
ali-smith	1	Toni Morrison	Beloved	OL50548W
ali-smith	2	Muriel Spark	Loitering With Intent	OL26427W
ali-smith	3	Muriel Spark	The Prime of Miss Jean Brodie	OL26437W
ali-smith	4	Vladimir Nabokov	Invitation to a Beheading	OL16273321W
ali-smith	5	Irmgard Keun	After Midnight	OL3827330W
ali-smith	6	Alasdair Gray	Lanark	OL2466637W
ali-smith	7	Charles Dickens	David Copperfield	OL8662242W
ali-smith	8	Heinrich von Kleist	Michael Kohlhaas	OL1451547W
ali-smith	9	Jane Austen	Emma	OL66513W
ali-smith	10	Tove Jansson	The Summer Book	OL2196010W
amanda-craig	1	Claire Keegan	Small Things Like These	OL23020966W
amanda-craig	2	Leo Tolstoy	Anna Karenina	OL267096W
amanda-craig	3	Charles Dickens	Great Expectations	OL8721462W
amanda-craig	4	Jane Austen	Persuasion	OL40756300W
amanda-craig	5	Rohinton Mistry	A Fine Balance	OL2980902W
amanda-craig	6	William Makepeace Thackeray	Vanity Fair	OL16313W
amanda-craig	7	F Scott Fitzgerald	The Great Gatsby	OL468431W
amanda-craig	8	Ursula K Le Guin	The Left Hand of Darkness	OL59800W
amanda-craig	9	Irène Némirovsky	Suite Française	OL1308096W
amanda-craig	10	Ann Patchett	Tom Lake	OL31098954W
amit-chaudhuri	1	V. S. Naipaul	The Enigma of Arrival	OL103095W
amit-chaudhuri	2	James Joyce	A Portrait of the Artist as a Young Man	OL86343W
amit-chaudhuri	3	VS Naipaul	A House for Mr Biswas	OL103113W
amit-chaudhuri	4	R. K. Narayan	Swami and Friends	OL1057179W
amit-chaudhuri	5	Bibhutibhushan Bandyopadhyay	Pather Panchali	OL8640095W
amit-chaudhuri	6	U. R. Anantha Murthy	Samskara	OL43775W
amit-chaudhuri	7	James Salter	Sport and a Pastime	OL2009183W
amit-chaudhuri	8	F Scott Fitzgerald	The Great Gatsby	OL468431W
amit-chaudhuri	9	Walker Percy	The Moviegoer	OL38282W
amit-chaudhuri	10	Richard Ford	The Sportswriter	OL2465642W
andrew-solomon	1	Virginia Woolf	To the Lighthouse	OL39396W
andrew-solomon	2	Leo Tolstoy	War and Peace	OL267171W
andrew-solomon	3	George Eliot	Middlemarch	OL40545731W
andrew-solomon	4	Marcel Proust	In Search of Lost Time	OL27810496W
andrew-solomon	5	Henry James	The Portrait of a Lady	OL276365W
andrew-solomon	6	Norton Juster	The Phantom Tollbooth	OL1636262W
andrew-solomon	7	EM Forster	Howards End	OL88881W
andrew-solomon	8	Edith Wharton	The House of Mirth	OL98587W
andrew-solomon	9	George Eliot	Daniel Deronda	OL20933W
andrew-solomon	10	Jane Austen	Sense and Sensibility	OL66562W
anne-enright	1	James Joyce	Ulysses	OL86318W
anne-enright	2	Toni Morrison	Beloved	OL50548W
anne-enright	3	Marcel Proust	In Search of Lost Time	OL1190289W
anne-enright	4	Herman Melville	Moby-Dick	OL102749W
anne-enright	5	Gustave Flaubert	Madame Bovary	OL893707W
anne-enright	6	Margaret Atwood	The Handmaid's Tale	OL675783W
anne-enright	7	Gabriel García Márquez	Love in the Time of Cholera	OL274518W
anne-enright	8	Jean Rhys	Wide Sargasso Sea	OL1858668W
anne-enright	9	Ford Madox Ford	The Good Soldier	OL509889W
anne-enright	10	David Mitchell	Cloud Atlas	OL482454W
arifa-akbar	1	Emily Brontë	Wuthering Heights	OL21177W
arifa-akbar	2	Leo Tolstoy	Anna Karenina	OL267096W
arifa-akbar	3	Mary Shelley	Frankenstein	OL450063W
arifa-akbar	4	Thomas Mann	Death in Venice	OL16246083W
arifa-akbar	5	Toni Morrison	Beloved	OL50548W
arifa-akbar	6	Elfriede Jelinek	The Piano Teacher	OL15196311W
arifa-akbar	7	George Orwell	Nineteen Eighty-Four	OL1168083W
arifa-akbar	8	Angela Carter	Wise Children	OL697431W
arifa-akbar	9	Philip Roth	American Pastoral	OL74666W
arifa-akbar	10	Margaret Atwood	The Handmaid's Tale	OL675783W
beejay-silcox	1	Alexis Wright	Praiseworthy	OL37582070W
beejay-silcox	2	Mary Shelley	Frankenstein	OL450063W
beejay-silcox	3	Kazuo Ishiguro	Never Let Me Go	OL59038W
beejay-silcox	4	Margaret Atwood	The Handmaid's Tale	OL675783W
beejay-silcox	5	George Orwell	Nineteen Eighty-Four	OL1168083W
beejay-silcox	6	Douglas Adams	The Hitch Hiker's Guide to the Galaxy	OL2163649W
beejay-silcox	7	Ursula K Le Guin	The Left Hand of Darkness	OL59800W
beejay-silcox	8	Stephen King	The Stand	OL81618W
beejay-silcox	9	Susanna Clarke	Piranesi	OL20893680W
beejay-silcox	10	Octavia E. Butler	Parable of the Sower	OL35623W
ben-markovits	1	Nathaniel Hawthorne	The Scarlet Letter	OL455305W
ben-markovits	2	Jane Austen	Mansfield Park	OL66530W
ben-markovits	3	Vladimir Nabokov	Pnin	OL627082W
ben-markovits	4	Elizabeth Gaskell	Cranford	OL1103093W
ben-markovits	5	Chinua Achebe	Things Fall Apart	OL891786W
ben-markovits	6	Henry James	The Portrait of a Lady	OL276365W
ben-markovits	7	George Eliot	Middlemarch	OL20867W
ben-markovits	8	John Updike	Rabbit Is Rich	OL463820W
ben-markovits	9	Virginia Woolf	To the Lighthouse	OL39396W
ben-markovits	10	Saul Bellow	Seize the Day	OL506115W
ben-okri	1	Miguel de Cervantes	Don Quixote	OL503666W
ben-okri	2	Leo Tolstoy	War and Peace	OL267171W
ben-okri	3	Fyodor Dostoyevsky	The Brothers Karamazov	OL10432709W
ben-okri	4	Jane Austen	Pride and Prejudice	OL66554W
ben-okri	5	Herman Melville	Moby-Dick	OL102749W
ben-okri	6	James Joyce	Ulysses	OL86318W
ben-okri	7	Marcel Proust	In Search of Lost Time	OL1190289W
ben-okri	8	Ralph Ellison	Invisible Man	OL495470W
ben-okri	9	Gabriel García Márquez	One Hundred Years of Solitude	OL274505W
ben-okri	10	Madame de La Fayette	La Princesse De Cleves	OL12854838W
benjamin-myers	1	Daniel Defoe	Robinson Crusoe	OL27217159W
benjamin-myers	2	Knut Hamsun	Hunger	OL573193W
benjamin-myers	3	E. M. Forster	Maurice	OL88877W
benjamin-myers	4	Richard Brautigan	Trout Fishing in America	OL11295370W
benjamin-myers	5	Pat Barker	Union Street	OL11221642W
benjamin-myers	6	James Baldwin	Giovanni's Room	OL228702W
benjamin-myers	7	Bret Easton Ellis	American Psycho	OL1812933W
benjamin-myers	8	Italo Calvino	The Baron in the Trees	OL15322W
benjamin-myers	9	James Lloyd Carr	A Month in the Country	OL112983W
benjamin-myers	10	Patrick Hamilton	The Slaves of Solitude	OL2536262W
bernardine-evaristo	1	Toni Morrison	Beloved	OL50548W
bernardine-evaristo	2	Marlon James	The Book of Night Women	OL13648915W
bernardine-evaristo	3	Sarah Moss	Ghost Wall	OL20384700W
bernardine-evaristo	4	Buchi Emecheta	The Joys of Motherhood	OL2504658W
bernardine-evaristo	5	Keri Hulme	The Bone People	OL3991459W
bernardine-evaristo	6	Nella Larsen	Quicksand	OL2645473W
bernardine-evaristo	7	Brit Bennett	The Vanishing Half	OL20799434W
bernardine-evaristo	8	Diana Evans	Ordinary People	OL19753331W
bernardine-evaristo	9	Zora Neale Hurston	Their Eyes Were Watching God	OL27778127W
bernardine-evaristo	10	Octavia E Butler	Kindred	OL35616W
blake-morrison	1	George Eliot	Middlemarch	OL25411286W
blake-morrison	2	Charlotte Brontë	Jane Eyre	OL36754933W
blake-morrison	3	F Scott Fitzgerald	The Great Gatsby	OL34381078W
blake-morrison	4	James Joyce	Ulysses	OL86318W
blake-morrison	5	D. H. Lawrence	Sons and Lovers	OL81295W
blake-morrison	6	George Orwell	Nineteen Eighty-Four	OL1168083W
blake-morrison	7	Laurence Sterne	The Life and Opinions of Tristram Shandy	OL5475773W
blake-morrison	8	Jane Austen	Emma	OL66513W
blake-morrison	9	Jonathan Swift	Gulliver's Travels	OL20600W
blake-morrison	10	Daniel Defoe	Robinson Crusoe	OL45089W
candice-carty-williams	1	Claudia Rankine	Citizen	OL17062866W
candice-carty-williams	2	Helen Fielding	Bridget Jones's Diary	OL547745W
candice-carty-williams	3	Leila Mottley	Nightcrawling	OL25516127W
candice-carty-williams	4	Oscar Casares	Where We Come From	OL36045730W
candice-carty-williams	5	Caleb Femi	Poor	OL21671152W
candice-carty-williams	6	George Orwell	Nineteen Eighty-Four	OL1168083W
candice-carty-williams	7	Franz Kafka	The Metamorphosis	OL498556W
candice-carty-williams	8	Malorie Blackman	Noughts & Crosses	OL4126109W
candice-carty-williams	9	Toni Morrison	Beloved	OL50548W
candice-carty-williams	10	Audre Lorde	Sister Outsider	OL2191789W
catherine-taylor	1	Christa Wolf	A Model Childhood	OL751418W
catherine-taylor	2	Jun'ichirō Tanizaki	The Makioka Sisters	OL668682W
catherine-taylor	3	Henry James	The Golden Bowl	OL276338W
catherine-taylor	4	George Orwell	Nineteen Eighty-Four	OL1168083W
catherine-taylor	5	Virginia Woolf	To the Lighthouse	OL39396W
catherine-taylor	6	Tsitsi Dangarembga	Nervous Conditions	OL17661158W
catherine-taylor	7	Natalia Ginzburg	All Our Yesterdays	OL1449782W
catherine-taylor	8	DH Lawrence	The Rainbow	OL81293W
catherine-taylor	9	Joseph Conrad	The Secret Agent	OL39108W
catherine-taylor	10	Charlotte Brontë	Villette	OL1095403W
charlotte-higgins	1	George Eliot	Middlemarch	OL40545731W
charlotte-higgins	2	James Joyce	Ulysses	OL86318W
charlotte-higgins	3	Marcel Proust	In Search of Lost Time	OL1190289W
charlotte-higgins	4	Charles Dickens	Bleak House	OL14868508W
charlotte-higgins	5	Jane Austen	Emma	OL66513W
charlotte-higgins	6	Laurence Sterne	The Life and Opinions of Tristram Shandy	OL5475773W
charlotte-higgins	7	Charlotte Brontë	Villette	OL1095403W
charlotte-higgins	8	William Makepeace Thackeray	Vanity Fair	OL16313W
charlotte-higgins	9	Henry James	The Portrait of a Lady	OL276365W
charlotte-higgins	10	John Buchan	The 39 Steps	OL76524W
charlotte-mendelson	1	Leo Tolstoy	War and Peace	OL267171W
charlotte-mendelson	2	Charles Dickens	David Copperfield	OL8662242W
charlotte-mendelson	3	George Eliot	Middlemarch	OL25411286W
charlotte-mendelson	4	Charles Dickens	Bleak House	OL14868510W
charlotte-mendelson	5	Hilary Mantel	A Place of Greater Safety	OL464517W
charlotte-mendelson	6	Charlotte Brontë	Villette	OL1095403W
charlotte-mendelson	7	Shirley Hazzard	The Transit of Venus	OL103066W
charlotte-mendelson	8	James Baldwin	Giovanni's Room	OL228702W
charlotte-mendelson	9	Jane Austen	Sense and Sensibility	OL66562W
charlotte-mendelson	10	Shirley Jackson	The Haunting of Hill House	OL3171069W
charlotte-northedge	1	George Eliot	Middlemarch	OL25411286W
charlotte-northedge	2	Jane Austen	Persuasion	OL66544W
charlotte-northedge	3	Virginia Woolf	To the Lighthouse	OL39396W
charlotte-northedge	4	F Scott Fitzgerald	The Great Gatsby	OL468431W
charlotte-northedge	5	Toni Morrison	Beloved	OL50548W
charlotte-northedge	6	Kazuo Ishiguro	Never Let Me Go	OL59038W
charlotte-northedge	7	Margaret Atwood	The Handmaid's Tale	OL675783W
charlotte-northedge	8	Elena Ferrante	My Brilliant Friend	OL16520879W
charlotte-northedge	9	Chimamanda Ngozi Adichie	Half of a Yellow Sun	OL5731542W
charlotte-northedge	10	Arundhati Roy	The God of Small Things	OL1052133W
chigozie-obioma	1	Cormac McCarthy	Blood Meridian	OL40879W
chigozie-obioma	2	Knut Hamsun	Hunger	OL573193W
chigozie-obioma	3	Chinua Achebe	Arrow of God	OL891814W
chigozie-obioma	4	Alan Paton	Cry, the Beloved Country	OL2384132W
chigozie-obioma	5	Virginia Woolf	The Waves	OL39316W
chigozie-obioma	6	Leo Tolstoy	War and Peace	OL36765642W
chigozie-obioma	7	Tayeb Salih	Season of Migration to the North	OL2970107W
chigozie-obioma	8	John Bunyan	The Pilgrim's Progress	OL107195W
chigozie-obioma	9	Erich Maria Remarque	All Quiet on the Western Front	OL1209288W
chigozie-obioma	10	Yukio Mishima	Thirst for Love	OL1845327W
chloe-aridjis	1	Miguel de Cervantes	Don Quixote	OL503666W
chloe-aridjis	2	Marcel Proust	In Search of Lost Time	OL27810496W
chloe-aridjis	3	Thomas Mann	The Magic Mountain	OL14866824W
chloe-aridjis	4	Franz Kafka	The Metamorphosis	OL498556W
chloe-aridjis	5	Joseph Conrad	Heart of Darkness	OL38663W
chloe-aridjis	6	Mary Shelley	Frankenstein	OL450063W
chloe-aridjis	7	Herman Melville	Moby-Dick	OL102749W
chloe-aridjis	8	Fyodor Dostoyevsky	The Brothers Karamazov	OL10432709W
chloe-aridjis	9	George Eliot	Middlemarch	OL40545731W
chloe-aridjis	10	James Joyce	A Portrait of the Artist as a Young Man	OL41225848W
chris-power	1	Herman Melville	Moby-Dick	OL26158026W
chris-power	2	George Eliot	Middlemarch	OL25411286W
chris-power	3	Fyodor Dostoyevsky	The Brothers Karamazov	OL10432709W
chris-power	4	James Joyce	Ulysses	OL86318W
chris-power	5	Roberto Bolaño	2666	OL712025W
chris-power	6	Leo Tolstoy	War and Peace	OL36765642W
chris-power	7	Virginia Woolf	To the Lighthouse	OL39396W
chris-power	8	Marcel Proust	In Search of Lost Time	OL1190289W
chris-power	9	Thomas Hardy	Jude the Obscure	OL44986W
chris-power	10	Jon Fosse	Septology	OL27871634W
christobel-kent	1	Giuseppe Tomasi di Lampedusa	The Leopard	OL2386322W
christobel-kent	2	Gustave Flaubert	Sentimental Education	OL893802W
christobel-kent	3	Leo Tolstoy	War and Peace	OL36765642W
christobel-kent	4	Edith Wharton	The House of Mirth	OL98587W
christobel-kent	5	Ernest Hemingway	A Farewell to Arms	OL63072W
christobel-kent	6	F Scott Fitzgerald	The Great Gatsby	OL468431W
christobel-kent	7	William Makepeace Thackeray	Vanity Fair	OL16313W
christobel-kent	8	Alessandro Manzoni	The Betrothed	OL644386W
christobel-kent	9	John Updike	Rabbit, Run	OL42718662W
christobel-kent	10	Beryl Bainbridge	The Birthday Boys	OL1970213W
claire-armitstead	1	Leo Tolstoy	War and Peace	OL36765642W
claire-armitstead	2	Jane Austen	Emma	OL66513W
claire-armitstead	3	Gabriel García Márquez	One Hundred Years of Solitude	OL274505W
claire-armitstead	4	James Joyce	Ulysses	OL86318W
claire-armitstead	5	Alice Walker	The Color Purple	OL273644W
claire-armitstead	6	Chinua Achebe	Things Fall Apart	OL891786W
claire-armitstead	7	Miguel de Cervantes	Don Quixote	OL503666W
claire-armitstead	8	George Eliot	Middlemarch	OL25411286W
claire-armitstead	9	Charlotte Brontë	Jane Eyre	OL1095427W
claire-armitstead	10	Herman Melville	Moby-Dick	OL102749W
claire-messud	1	Leo Tolstoy	Anna Karenina	OL267096W
claire-messud	2	Gustave Flaubert	Madame Bovary	OL893707W
claire-messud	3	Marcel Proust	In Search of Lost Time	OL1190289W
claire-messud	4	Chinua Achebe	Things Fall Apart	OL891786W
claire-messud	5	Toni Morrison	Beloved	OL50548W
claire-messud	6	Virginia Woolf	Mrs Dalloway	OL39349W
claire-messud	7	WG Sebald	The Rings of Saturn	OL46611W
claire-messud	8	Penelope Fitzgerald	The Blue Flower	OL20771W
claire-messud	9	Don DeLillo	Underworld	OL1921185W
claire-messud	10	Rohinton Mistry	A Fine Balance	OL2980902W
clare-clark	1	Gustave Flaubert	Madame Bovary	OL893707W
clare-clark	2	George Eliot	Middlemarch	OL24357681W
clare-clark	3	F Scott Fitzgerald	The Great Gatsby	OL468431W
clare-clark	4	Leo Tolstoy	Anna Karenina	OL267096W
clare-clark	5	Jane Austen	Emma	OL40587389W
clare-clark	6	Virginia Woolf	Mrs Dalloway	OL39349W
clare-clark	7	L. P. Hartley	The Go-Between	OL2047674W
clare-clark	8	Rohinton Mistry	A Fine Balance	OL2980902W
clare-clark	9	Kazuo Ishiguro	The Remains of the Day	OL59048W
clare-clark	10	Hilary Mantel	Wolf Hall	OL464512W
colm-toibin	1	James Joyce	Ulysses	OL86318W
colm-toibin	2	Henry James	The Golden Bowl	OL276338W
colm-toibin	3	Marcel Proust	In Search of Lost Time	OL1190289W
colm-toibin	4	Franz Kafka	The Trial	OL498463W
colm-toibin	5	Thomas Mann	Buddenbrooks	OL14867081W
colm-toibin	6	Albert Camus	The Outsider	OL1230613W
colm-toibin	7	Virginia Woolf	To the Lighthouse	OL39396W
colm-toibin	8	Gabriel García Márquez	One Hundred Years of Solitude	OL274505W
colm-toibin	9	Ernest Hemingway	The Sun Also Rises	OL62979W
colm-toibin	10	Edith Wharton	The Age of Innocence	OL98491W
colum-mccann	1	James Joyce	Ulysses	OL86318W
colum-mccann	2	Benedict Kiely	Proxopera	OL1259171W
colum-mccann	3	Flann O'Brien	At Swim-Two-Birds	OL2005224W
colum-mccann	4	Toni Morrison	Song of Solomon	OL50564W
colum-mccann	5	Michael Ondaatje	Coming Through Slaughter	OL12104489W
colum-mccann	6	Laurence Sterne	The Life and Opinions of Tristram Shandy	OL32013322W
colum-mccann	7	George Orwell	Nineteen Eighty-Four	OL1168083W
colum-mccann	8	John Steinbeck	The Grapes of Wrath	OL23205W
colum-mccann	9	EL Doctorow	Ragtime	OL55239W
colum-mccann	10	Virginia Woolf	A Room of One's Own	OL39379W
daisy-johnson	1	Peter Høeg	Miss Smilla's Feeling for Snow	OL15146628W
daisy-johnson	2	Arundhati Roy	The God of Small Things	OL1052133W
daisy-johnson	3	Annie Proulx	The Shipping News	OL456089W
daisy-johnson	4	Keri Hulme	The Bone People	OL3991459W
daisy-johnson	5	Toni Morrison	Beloved	OL50548W
daisy-johnson	6	Miriam Toews	Women Talking	OL20937995W
daisy-johnson	7	Gabriel García Márquez	One Hundred Years of Solitude	OL274505W
daisy-johnson	8	Richard Adams	Watership Down	OL2096536W
daisy-johnson	9	Yuko Tsushima	Territory of Light	OL11382843W
daisy-johnson	10	Akwaeke Emezi	Freshwater	OL19343569W
damian-barr	1	James Baldwin	Giovanni's Room	OL228702W
damian-barr	2	Muriel Spark	The Prime of Miss Jean Brodie	OL26437W
damian-barr	3	Alice Walker	The Color Purple	OL273644W
damian-barr	4	Bram Stoker	Dracula	OL85892W
damian-barr	5	Oscar Wilde	The Picture of Dorian Gray	OL8193416W
damian-barr	6	Edmund White	A Boy's Own Story	OL119209W
damian-barr	7	Toni Morrison	Beloved	OL50548W
damian-barr	8	Janice Galloway	The Trick Is to Keep Breathing	OL2535336W
damian-barr	9	Zora Neale Hurston	Their Eyes Were Watching God	OL27778127W
damian-barr	10	Irène Némirovsky	Suite Française	OL1308096W
daniel-kehlmann	1	Leo Tolstoy	War and Peace	OL36765642W
daniel-kehlmann	2	Marcel Proust	In Search of Lost Time	OL1190289W
daniel-kehlmann	3	Leo Tolstoy	Anna Karenina	OL267096W
daniel-kehlmann	4	Joseph Roth	The Radetzky March	OL466942W
daniel-kehlmann	5	Johann Wolfgang von Goethe	Sorrows of Young Werther	OL29907510W
daniel-kehlmann	6	Johann Wolfgang von Goethe	Elective Affinities	OL52449W
daniel-kehlmann	7	Fyodor Dostoevsky	The Idiot	OL166973W
daniel-kehlmann	8	Thomas Mann	The Magic Mountain	OL14866824W
daniel-kehlmann	9	Hans Jakob Christoffel von Grimmelshausen	Simplicissimus	OL16938494W
daniel-kehlmann	10	EL Doctorow	Ragtime	OL55239W
david-diop	1	Richard Wright	Black Boy	OL275946W
david-diop	2	Franz Kafka	The Trial	OL498463W
david-diop	3	Marguerite Yourcenar	Memoirs of Hadrian	OL106837W
david-diop	4	Wole Soyinka	Seasons of Anomy	OL15125374W
david-diop	5	Ahmadou Kourouma	Allah Is Not Obliged	OL661946W
david-diop	6	Mia Couto	A River Called Time	OL954635W
david-diop	7	Gabriel García Márquez	One Hundred Years of Solitude	OL274505W
david-diop	8	Abdulrazak Gurnah	Paradise	OL3958403W
david-diop	9	Itamar Vieira Junior	Crooked Plow	OL24141556W
david-diop	10	Toni Morrison	Tar Baby	OL50557W
david-nicholls	1	Jane Austen	Persuasion	OL66544W
david-nicholls	2	Charles Dickens	Bleak House	OL14868508W
david-nicholls	3	F Scott Fitzgerald	The Great Gatsby	OL468431W
david-nicholls	4	Henry James	The Portrait of a Lady	OL276365W
david-nicholls	5	Marilynne Robinson	Housekeeping	OL1875010W
david-nicholls	6	Virginia Woolf	To the Lighthouse	OL39396W
david-nicholls	7	EM Forster	Howards End	OL88881W
david-nicholls	8	Toni Morrison	Sula	OL50567W
david-nicholls	9	Muriel Spark	The Prime of Miss Jean Brodie	OL26437W
david-nicholls	10	Shirley Hazzard	The Transit of Venus	OL11069133W
david-shariatmadari	1	Robertson Davies	The Deptford Trilogy	OL842158W
david-shariatmadari	2	John Updike	Couples	OL463834W
david-shariatmadari	3	Iris Murdoch	The Bell	OL1326304W
david-shariatmadari	4	L. P. Hartley	The Go-Between	OL2047674W
david-shariatmadari	5	Thomas Hardy	The Return of the Native	OL44994W
david-shariatmadari	6	Jennifer Egan	A Visit From the Goon Squad	OL15026613W
david-shariatmadari	7	Sybille Bedford	A Compass Error	OL4212427W
david-shariatmadari	8	Giuseppe Tomasi di Lampedusa	The Leopard	OL2386322W
david-shariatmadari	9	Graham Swift	Waterland	OL3260491W
david-shariatmadari	10	Armistead Maupin	Tales of the City	OL2433540W
derek-owusu	1	Ralph Ellison	Invisible Man	OL495470W
derek-owusu	2	Vladimir Nabokov	The Real Life of Sebastian Knight	OL627069W
derek-owusu	3	F Scott Fitzgerald	The Great Gatsby	OL468431W
derek-owusu	4	James Baldwin	Go Tell It on the Mountain	OL228705W
derek-owusu	5	Chinua Achebe	Things Fall Apart	OL891786W
derek-owusu	6	Zadie Smith	White Teeth	OL481143W
derek-owusu	7	Joseph Conrad	Heart of Darkness	OL38663W
derek-owusu	8	Doris Lessing	The Grass Is Singing	OL31256W
derek-owusu	9	Sarah Bernstein	The Coming Bad Days	OL33658345W
derek-owusu	10	Haruki Murakami	Kafka on the Shore	OL2625431W
diana-evans	1	Leo Tolstoy	Anna Karenina	OL267096W
diana-evans	2	Isabel Allende	The House of the Spirits	OL1905255W
diana-evans	3	Arundhati Roy	The God of Small Things	OL1052133W
diana-evans	4	Chinua Achebe	Things Fall Apart	OL891786W
diana-evans	5	Toni Morrison	Song of Solomon	OL50564W
diana-evans	6	Jeffrey Eugenides	Middlesex	OL3951520W
diana-evans	7	Vladimir Nabokov	Lolita	OL627084W
diana-evans	8	Bernardine Evaristo	The Emperor's Babe	OL17363016W
diana-evans	9	Chimamanda Ngozi Adichie	Half of a Yellow Sun	OL5731542W
diana-evans	10	James Baldwin	Another Country	OL228715W
dinah-birch	1	George Eliot	Middlemarch	OL25411286W
dinah-birch	2	Jane Austen	Persuasion	OL66544W
dinah-birch	3	Charles Dickens	David Copperfield	OL8662242W
dinah-birch	4	Charlotte Brontë	Jane Eyre	OL1095427W
dinah-birch	5	Anthony Trollope	Barchester Towers	OL109724W
dinah-birch	6	Mark Twain	Huckleberry Finn	OL53908W
dinah-birch	7	Leo Tolstoy	Anna Karenina	OL267096W
dinah-birch	8	Toni Morrison	Song of Solomon	OL50564W
dinah-birch	9	Salman Rushdie	Midnight's Children	OL457179W
dinah-birch	10	Philip Pullman	Northern Lights	OL28988W
doireann-ni-ghriofa	1	Virginia Woolf	Mrs Dalloway	OL39349W
doireann-ni-ghriofa	2	Charlotte Brontë	Jane Eyre	OL1095427W
doireann-ni-ghriofa	3	Emily Brontë	Wuthering Heights	OL21177W
doireann-ni-ghriofa	4	Virginia Woolf	To the Lighthouse	OL39396W
doireann-ni-ghriofa	5	Bram Stoker	Dracula	OL85892W
doireann-ni-ghriofa	6	Máirtín Ó Cadhain	The Dirty Dust	OL671818W
doireann-ni-ghriofa	7	Daphne du Maurier	Rebecca	OL36633W
doireann-ni-ghriofa	8	WG Sebald	The Rings of Saturn	OL46611W
doireann-ni-ghriofa	9	Anne Enright	The Gathering	OL5869525W
doireann-ni-ghriofa	10	Colm Tóibín	Nora Webster	OL18020255W
dorian-lynskey	1	John Dos Passos	U.s.a.	OL1217995W
dorian-lynskey	2	Don DeLillo	Libra	OL1921198W
dorian-lynskey	3	Kazuo Ishiguro	The Remains of the Day	OL59048W
dorian-lynskey	4	Joseph Conrad	Heart of Darkness	OL38663W
dorian-lynskey	5	EL Doctorow	Ragtime	OL55239W
dorian-lynskey	6	Philip Roth	American Pastoral	OL74666W
dorian-lynskey	7	George Orwell	Nineteen Eighty-Four	OL1168083W
dorian-lynskey	8	Emily St. John Mandel	Station Eleven	OL17202418W
dorian-lynskey	9	Alan Hollinghurst	The Line of Beauty	OL1993508W
dorian-lynskey	10	Edith Wharton	The Age of Innocence	OL98491W
douglas-stuart	1	Toni Morrison	Beloved	OL50548W
douglas-stuart	2	Thomas Hardy	Jude the Obscure	OL44986W
douglas-stuart	3	Fyodor Dostoyevsky	The Brothers Karamazov	OL39092709W
douglas-stuart	4	JM Coetzee	Disgrace	OL500451W
douglas-stuart	5	Barry Hines	A Kestrel for a Knave	OL863837W
douglas-stuart	6	Alan Hollinghurst	The Line of Beauty	OL1993508W
douglas-stuart	7	Irvine Welsh	Trainspotting	OL816259W
douglas-stuart	8	Elena Ferrante	My Brilliant Friend	OL16520879W
douglas-stuart	9	James Kelman	How Late It Was, How Late	OL60988W
douglas-stuart	10	Vladimir Nabokov	Lolita	OL627084W
eimear-mcbride	1	James Joyce	Ulysses	OL86318W
eimear-mcbride	2	Fyodor Dostoevsky	Crime and Punishment	OL40766966W
eimear-mcbride	3	George Eliot	Middlemarch	OL25411286W
eimear-mcbride	4	Marcel Proust	In Search of Lost Time	OL1190289W
eimear-mcbride	5	Emily Brontë	Wuthering Heights	OL21177W
eimear-mcbride	6	Thomas Mann	The Magic Mountain	OL14866824W
eimear-mcbride	7	Virginia Woolf	To the Lighthouse	OL39396W
eimear-mcbride	8	Leo Tolstoy	Anna Karenina	OL267096W
eimear-mcbride	9	George Orwell	Nineteen Eighty-Four	OL1168083W
eimear-mcbride	10	Herman Melville	Moby-Dick	OL102749W
elif-batuman	1	Leo Tolstoy	Anna Karenina	OL267096W
elif-batuman	2	George Eliot	Middlemarch	OL25411286W
elif-batuman	3	Henry James	The Portrait of a Lady	OL276365W
elif-batuman	4	Vladimir Nabokov	Pale Fire	OL627081W
elif-batuman	5	Miguel de Cervantes	Don Quixote	OL503666W
elif-batuman	6	Jun'ichirō Tanizaki	The Makioka Sisters	OL668682W
elif-batuman	7	Alexander Pushkin	Eugene Onegin	OL25451958W
elif-batuman	8	Franz Kafka	The Trial	OL498463W
elif-batuman	9	Marcel Proust	In Search of Lost Time	OL1190289W
elif-batuman	10	Charlotte Brontë	Jane Eyre	OL1095427W
elif-shafak	1	Gabriel García Márquez	One Hundred Years of Solitude	OL274505W
elif-shafak	2	Miguel de Cervantes	Don Quixote	OL503666W
elif-shafak	3	James Joyce	Ulysses	OL86318W
elif-shafak	4	Franz Kafka	The Metamorphosis	OL498556W
elif-shafak	5	Virginia Woolf	Orlando	OL39360W
elif-shafak	6	Gustave Flaubert	Madame Bovary	OL893707W
elif-shafak	7	Sylvia Plath	The Bell Jar	OL1865528W
elif-shafak	8	Umberto Eco	The Name of the Rose	OL8996439W
elif-shafak	9	Daphne du Maurier	Rebecca	OL36633W
elif-shafak	10	Mikhail Bulgakov	The Master and Margarita	OL676009W
elizabeth-day	1	EM Forster	Howards End	OL88881W
elizabeth-day	2	Jane Austen	Pride and Prejudice	OL66554W
elizabeth-day	3	William Makepeace Thackeray	Vanity Fair	OL16313W
elizabeth-day	4	Charles Dickens	Great Expectations	OL8721462W
elizabeth-day	5	Vladimir Nabokov	Lolita	OL627084W
elizabeth-day	6	George Eliot	Middlemarch	OL20867W
elizabeth-day	7	Tom Wolfe	The Bonfire of the Vanities	OL1925470W
elizabeth-day	8	Gillian Flynn	Gone Girl	OL16239762W
elizabeth-day	9	Chimamanda Ngozi Adichie	Americanah	OL16805415W
elizabeth-day	10	Elizabeth Jane Howard	The Light Years	OL2824299W
ella-creamer	1	Virginia Woolf	To the Lighthouse	OL39396W
ella-creamer	2	Elena Ferrante	My Brilliant Friend	OL16520879W
ella-creamer	3	Toni Morrison	Beloved	OL50548W
ella-creamer	4	DH Lawrence	The Rainbow	OL81293W
ella-creamer	5	Zora Neale Hurston	Their Eyes Were Watching God	OL27778127W
ella-creamer	6	Natalia Ginzburg	The Road to the City	OL1449843W
ella-creamer	7	Julia Alvarez	In the Time of the Butterflies	OL116089W
ella-creamer	8	Rachel Cusk	Outline	OL17873642W
ella-creamer	9	Marguerite Duras	Moderato Cantabile	OL42974304W
ella-creamer	10	Lucas Rijneveld	The Discomfort of Evening	OL19740451W
emma-loffhagen	1	Alice Walker	The Color Purple	OL273644W
emma-loffhagen	2	Chimamanda Ngozi Adichie	Half of a Yellow Sun	OL5731542W
emma-loffhagen	3	Chinua Achebe	Things Fall Apart	OL891786W
emma-loffhagen	4	Zadie Smith	White Teeth	OL481143W
emma-loffhagen	5	Zora Neale Hurston	Their Eyes Were Watching God	OL27778127W
emma-loffhagen	6	Jane Austen	Emma	OL66513W
emma-loffhagen	7	Arundhati Roy	The God of Small Things	OL1052133W
emma-loffhagen	8	Han Kang	The Vegetarian	OL17334243W
emma-loffhagen	9	Sally Rooney	Intermezzo	OL37949460W
emma-loffhagen	10	F Scott Fitzgerald	The Great Gatsby	OL468431W
esi-edugyan	1	Jane Austen	Pride and Prejudice	OL66554W
esi-edugyan	2	George Eliot	Middlemarch	OL25411286W
esi-edugyan	3	George Orwell	Nineteen Eighty-Four	OL1168083W
esi-edugyan	4	Albert Camus	The Plague	OL1230715W
esi-edugyan	5	Toni Morrison	Beloved	OL50548W
esi-edugyan	6	V. S. Naipaul	A Bend in the River	OL103108W
esi-edugyan	7	Michael Ondaatje	The English Patient	OL53071W
esi-edugyan	8	Cormac McCarthy	Blood Meridian	OL40879W
esi-edugyan	9	Shirley Hazzard	The Transit of Venus	OL103066W
esi-edugyan	10	Elena Ferrante	Those Who Leave and Those Who Stay	OL17081245W
fiona-sampson	1	Marcel Proust	In Search of Lost Time	OL1190289W
fiona-sampson	2	Ivo Andrić	The Bridge on the Drina	OL258416W
fiona-sampson	3	Mary Shelley	Frankenstein	OL36130812W
fiona-sampson	4	Lawrence Durrell	The Alexandria Quartet	OL48286W
fiona-sampson	5	Virginia Woolf	To the Lighthouse	OL39396W
fiona-sampson	6	Gerald Murnane	Tamarisk Row	OL26496349W
fiona-sampson	7	John Berger	Pig Earth	OL1980233W
fiona-sampson	8	Elizabeth Smart	By Grand Central Station I Sat Down and Wept	OL35358393W
fiona-sampson	9	Mathias Enard	Zone	OL26743128W
fiona-sampson	10	Derek Walcott	Omeros	OL100040W
fiona-sturges	1	Toni Morrison	Beloved	OL50548W
fiona-sturges	2	Hilary Mantel	Wolf Hall	OL464512W
fiona-sturges	3	Paul Auster	Leviathan	OL1682158W
fiona-sturges	4	Charlotte Brontë	Jane Eyre	OL1095427W
fiona-sturges	5	Harper Lee	To Kill a Mockingbird	OL3140822W
fiona-sturges	6	Ian McEwan	Atonement	OL1855944W
fiona-sturges	7	A. S. Byatt	Possession	OL115647W
fiona-sturges	8	Muriel Spark	The Prime of Miss Jean Brodie	OL26437W
fiona-sturges	9	Percival L. Everett	James	OL36506504W
fiona-sturges	10	Margaret Atwood	The Handmaid's Tale	OL675783W
florence-knapp	1	Rohinton Mistry	A Fine Balance	OL2980902W
florence-knapp	2	Hanya Yanagihara	A Little Life	OL17370186W
florence-knapp	3	Lucy Maud Montgomery	Anne of Green Gables	OL77746W
florence-knapp	4	Khaled Hosseini	A Thousand Splendid Suns	OL5782000W
florence-knapp	5	Elizabeth Gaskell	North and South	OL1103203W
florence-knapp	6	Yael van der Wouden	The Safekeep	OL37572547W
florence-knapp	7	Maggie O'Farrell	Hamnet	OL20743965W
florence-knapp	8	Harper Lee	To Kill a Mockingbird	OL3140822W
florence-knapp	9	Claire Keegan	Small Things Like These	OL23020966W
florence-knapp	10	R. J. Palacio	Wonder	OL16142094W
freya-johnston	1	Leo Tolstoy	Anna Karenina	OL267096W
freya-johnston	2	Gustave Flaubert	Madame Bovary	OL893707W
freya-johnston	3	George Eliot	Middlemarch	OL40545731W
freya-johnston	4	Jane Austen	Persuasion	OL66544W
freya-johnston	5	Charles Dickens	David Copperfield	OL8662242W
freya-johnston	6	Marghanita Laski	Little Boy Lost	OL1400708W
freya-johnston	7	Elizabeth Taylor	Mrs. Palfrey at the Claremont	OL2435539W
freya-johnston	8	Elizabeth Jenkins	Dr Gully	OL11103938W
freya-johnston	9	Oliver Goldsmith	The Vicar of Wakefield	OL890896W
freya-johnston	10	Barbara Pym	Quartet in Autumn	OL480955W
geoff-dyer	1	George Eliot	Middlemarch	OL25411286W
geoff-dyer	2	Larry McMurtry	Lonesome Dove	OL134601W
geoff-dyer	3	Leo Tolstoy	War and Peace	OL36765642W
geoff-dyer	4	Henry James	The Portrait of a Lady	OL32387936W
geoff-dyer	5	Edith Wharton	The Age of Innocence	OL98491W
geoff-dyer	6	Charles Dickens	Great Expectations	OL8721462W
geoff-dyer	7	Shirley Hazzard	The Transit of Venus	OL103066W
geoff-dyer	8	Don DeLillo	The Names	OL1921184W
geoff-dyer	9	Jean Rhys	Voyage in the Dark	OL1858636W
geoff-dyer	10	Jack Kerouac	On the Road	OL65906W
guy-gunaratne	1	James Joyce	Ulysses	OL86318W
guy-gunaratne	2	Fyodor Dostoyevsky	The Brothers Karamazov	OL10432709W
guy-gunaratne	3	Virginia Woolf	The Waves	OL39316W
guy-gunaratne	4	Samuel Beckett	Murphy	OL20942111W
guy-gunaratne	5	Toni Morrison	Song of Solomon	OL50564W
guy-gunaratne	6	William Faulkner	As I Lay Dying	OL82929W
guy-gunaratne	7	WG Sebald	The Rings of Saturn	OL46611W
guy-gunaratne	8	Saul Bellow	The Adventures of Augie March	OL506116W
guy-gunaratne	9	James Baldwin	Giovanni's Room	OL228702W
guy-gunaratne	10	Annie Ernaux	The Years	OL102389W
hermione-lee	1	Anita Brookner	Latecomers	OL35382740W
hermione-lee	2	Virginia Woolf	To the Lighthouse	OL39396W
hermione-lee	3	Edith Wharton	The Custom of the Country	OL98585W
hermione-lee	4	Willa Cather	My Ántonia	OL12791W
hermione-lee	5	Penelope Fitzgerald	The Beginning of Spring	OL20769W
hermione-lee	6	Anita Brookner	Family and Friends	OL166434W
hermione-lee	7	William Trevor	Reading Turgenev	OL1863387W
hermione-lee	8	Henry James	The Portrait of a Lady	OL276365W
hermione-lee	9	JL Carr	A Month in the Country	OL8336367W
hermione-lee	10	Colm Tóibín	Nora Webster	OL18020255W
houman-barekat	1	Gustave Flaubert	Madame Bovary	OL893707W
houman-barekat	2	James Joyce	Ulysses	OL86318W
houman-barekat	3	George Eliot	Middlemarch	OL30272167W
houman-barekat	4	Joseph Conrad	Nostromo	OL38700W
houman-barekat	5	Evelyn Waugh	A Handful of Dust	OL5721565W
houman-barekat	6	Vladimir Nabokov	Pale Fire	OL627081W
houman-barekat	7	Virginia Woolf	Mrs Dalloway	OL39349W
houman-barekat	8	Saul Bellow	Humboldt's Gift	OL506111W
houman-barekat	9	Thomas Bernhard	The Loser	OL2399772W
houman-barekat	10	Iris Murdoch	The Black Prince	OL1326328W
ian-mcewan	1	James Joyce	Ulysses	OL86318W
ian-mcewan	2	Leo Tolstoy	Anna Karenina	OL267096W
ian-mcewan	3	George Eliot	Middlemarch	OL25411286W
ian-mcewan	4	Albert Camus	The Plague	OL1230715W
ian-mcewan	5	Franz Kafka	The Metamorphosis	OL498556W
ian-mcewan	6	Jane Austen	Pride and Prejudice	OL66554W
ian-mcewan	7	Gustave Flaubert	Madame Bovary	OL893707W
ian-mcewan	8	Thomas Mann	The Magic Mountain	OL14866824W
ian-mcewan	9	Charles Dickens	Our Mutual Friend	OL41368739W
ian-mcewan	10	John Updike	Rabbit at Rest	OL463809W
ian-patterson	1	Marcel Proust	In Search of Lost Time	OL1190289W
ian-patterson	2	Henry James	The Golden Bowl	OL276338W
ian-patterson	3	Jane Austen	Emma	OL66513W
ian-patterson	4	Laurence Sterne	The Life and Opinions of Tristram Shandy, Gentleman	OL679230W
ian-patterson	5	Samuel Beckett	Molloy	OL15210983W
ian-patterson	6	Robert Musil	The Man Without Qualities	OL1330246W
ian-patterson	7	Henry Green	Caught	OL10429255W
ian-patterson	8	Edward Upward	The Spiral Ascent	OL2085293W
ian-patterson	9	Ivy Compton-Burnett	Elders and Betters	OL1206495W
ian-patterson	10	Elizabeth Bowen	The Death of the Heart	OL724067W
ian-rankin	1	Charles Dickens	Bleak House	OL14868510W
ian-rankin	2	Robert Louis Stevenson	The Strange Case of Dr. Jekyll and Mr. Hyde	OL24156W
ian-rankin	3	Muriel Spark	The Prime of Miss Jean Brodie	OL26437W
ian-rankin	4	Raymond Chandler	The Big Sleep	OL15400582W
ian-rankin	5	Fyodor Dostoevsky	Crime and Punishment	OL166894W
ian-rankin	6	Anthony Powell	A Dance to the Music of Time	OL2074162W
ian-rankin	7	Toni Morrison	Song of Solomon	OL50564W
ian-rankin	8	Martin Amis	Money	OL16847W
ian-rankin	9	Alasdair Gray	Lanark	OL2466637W
ian-rankin	10	Kate Atkinson	Life After Life	OL16810448W
imogen-russell-williams	1	Ursula K. Le Guin	A Wizard of Earthsea	OL59798W
imogen-russell-williams	2	Diana Wynne Jones	Fire and Hemlock	OL60148W
imogen-russell-williams	3	Frances Hardinge	The Lie Tree	OL20026655W
imogen-russell-williams	4	Octavia E Butler	Kindred	OL35616W
imogen-russell-williams	5	Pat O'Shea	The Hounds of the Morrigan	OL1930756W
imogen-russell-williams	6	Charlotte Brontë	Jane Eyre	OL1095427W
imogen-russell-williams	7	Toni Morrison	Beloved	OL50548W
imogen-russell-williams	8	Susan Cooper	The Dark Is Rising	OL894245W
imogen-russell-williams	9	Philip Pullman	Northern Lights	OL28988W
imogen-russell-williams	10	Salman Rushdie	Haroun and the Sea of Stories	OL457172W
jack-edwards	1	Toni Morrison	Sula	OL50567W
jack-edwards	2	Jane Austen	Emma	OL66513W
jack-edwards	3	George Orwell	Nineteen Eighty-Four	OL1168083W
jack-edwards	4	Ford Madox Ford	The Good Soldier	OL509889W
jack-edwards	5	Hanya Yanagihara	A Little Life	OL17370186W
jack-edwards	6	Arundhati Roy	The God of Small Things	OL1052133W
jack-edwards	7	Oscar Wilde	The Picture of Dorian Gray	OL8193416W
jack-edwards	8	Virginia Woolf	To the Lighthouse	OL39396W
jack-edwards	9	Jean Rhys	Wide Sargasso Sea	OL1858668W
jack-edwards	10	Kaveh Akbar	Martyr!	OL37505411W
jacqueline-rose	1	Marcel Proust	In Search of Lost Time	OL1190289W
jacqueline-rose	2	George Eliot	Daniel Deronda	OL20933W
jacqueline-rose	3	James Joyce	Ulysses	OL86318W
jacqueline-rose	4	Toni Morrison	Beloved	OL50548W
jacqueline-rose	5	Henry James	The Golden Bowl	OL26099415W
jacqueline-rose	6	Virginia Woolf	The Waves	OL39316W
jacqueline-rose	7	Eimear McBride	A Girl Is a Half-Formed Thing	OL20494708W
jacqueline-rose	8	Anna Burns	Milkman	OL19344016W
jacqueline-rose	9	Zora Neale Hurston	Their Eyes Were Watching God	OL27778127W
jacqueline-rose	10	Bessie Head	A Question of Power	OL2527681W
james-meek	1	JM Coetzee	Disgrace	OL500451W
james-meek	2	George Eliot	Middlemarch	OL25411286W
james-meek	3	James Kelman	The Busconductor Hines	OL60979W
james-meek	4	Anthony Trollope	Barchester Towers	OL109724W
james-meek	5	Italo Calvino	Invisible Cities	OL15297W
james-meek	6	James Joyce	Ulysses	OL86318W
james-meek	7	Rachel Cusk	Outline	OL17873642W
james-meek	8	Thomas Mann	The Magic Mountain	OL14866824W
james-meek	9	Jane Austen	Mansfield Park	OL66530W
james-meek	10	Elizabeth Bowen	The Death of the Heart	OL724067W
jan-carson	1	Salman Rushdie	Midnight's Children	OL457179W
jan-carson	2	Toni Morrison	Beloved	OL50548W
jan-carson	3	Emily Brontë	Wuthering Heights	OL21177W
jan-carson	4	Daphne du Maurier	Rebecca	OL36633W
jan-carson	5	Bram Stoker	Dracula	OL85892W
jan-carson	6	Shirley Jackson	We Have Always Lived in the Castle	OL37832922W
jan-carson	7	George Saunders	Lincoln in the Bardo	OL17635834W
jan-carson	8	Agatha Christie	And Then There Were None	OL471565W
jan-carson	9	Margaret Drabble	The Millstone	OL1888776W
jan-carson	10	Graham Greene	The End of the Affair	OL106073W
jeet-thayil	1	Anonymous	Rig Veda	OL24364471W
jeet-thayil	2	Dante Alighieri	The Divine Comedy	OL93082W
jeet-thayil	3	James Joyce	Ulysses	OL86318W
jeet-thayil	4	Gabriel García Márquez	One Hundred Years of Solitude	OL274505W
jeet-thayil	5	Roberto Bolaño	2666	OL712025W
jeet-thayil	6	Vladimir Nabokov	Pale Fire	OL627081W
jeet-thayil	7	Salman Rushdie	Midnight's Children	OL457179W
jeet-thayil	8	Zadie Smith	White Teeth	OL481143W
jeet-thayil	9	G. V. Desani	All About H. Hatterr	OL63250W
jeet-thayil	10	Rachel Carson	Silent Spring	OL1884862W
jem-calder	1	George Eliot	Middlemarch	OL25411286W
jem-calder	2	Leo Tolstoy	War and Peace	OL36765642W
jem-calder	3	Henry James	The Portrait of a Lady	OL276365W
jem-calder	4	Cormac McCarthy	Suttree	OL40885W
jem-calder	5	Richard Yates	The Easter Parade	OL9362446W
jem-calder	6	Jane Austen	Persuasion	OL66544W
jem-calder	7	Jonathan Franzen	The Corrections	OL4082696W
jem-calder	8	Elizabeth Taylor	Angel	OL2435538W
jem-calder	9	David Foster Wallace	Infinite Jest	OL2943602W
jem-calder	10	William H. Gass	The Tunnel	OL1999221W
jennifer-egan	1	George Eliot	Middlemarch	OL25411286W
jennifer-egan	2	Jane Austen	Pride and Prejudice	OL66554W
jennifer-egan	3	Samuel Richardson	Clarissa, Or, the History of a Young Lady	OL27742818W
jennifer-egan	4	Ralph Ellison	Invisible Man	OL495470W
jennifer-egan	5	Laurence Sterne	The Life and Opinions of Tristram Shandy	OL40811147W
jennifer-egan	6	Virginia Woolf	To the Lighthouse	OL39396W
jennifer-egan	7	Toni Morrison	The Bluest Eye	OL50565W
jennifer-egan	8	Don DeLillo	Underworld	OL1921185W
jennifer-egan	9	Anthony Trollope	Barchester Towers	OL41656231W
jennifer-egan	10	Edith Wharton	The House of Mirth	OL98587W
jo-hamya	1	Leo Tolstoy	Anna Karenina	OL267096W
jo-hamya	2	Virginia Woolf	To the Lighthouse	OL39396W
jo-hamya	3	Sylvia Townsend Warner	Lolly Willowes, Or, the Loving Huntsman	OL112769W
jo-hamya	4	Jean Rhys	Wide Sargasso Sea	OL1858668W
jo-hamya	5	Kiran Desai	The Loneliness of Sonia and Sunny	OL42397165W
jo-hamya	6	Rachel Cusk	Transit	OL20044855W
jo-hamya	7	Margaret Drabble	The Millstone	OL1888776W
jo-hamya	8	Rosemary Tonks	The Bloater	OL6831429W
jo-hamya	9	Nella Larsen	Passing	OL2645476W
jo-hamya	10	Vladimir Nabokov	Lolita	OL627084W
joanne-harris	1	Ray Bradbury	Farenheit 451	OL103123W
joanne-harris	2	Angela Carter	Nights at the Circus	OL697429W
joanne-harris	3	Shirley Jackson	We Have Always Lived in the Castle	OL37832922W
joanne-harris	4	Albert Camus	The Outsider	OL1230613W
joanne-harris	5	Emily Brontë	Wuthering Heights	OL21177W
joanne-harris	6	Becky Chambers	To Be Taught, If Fortunate	OL20642211W
joanne-harris	7	Mervyn Peake	Gormenghast	OL2917008W
joanne-harris	8	Ben Okri	The Famished Road	OL928455W
joanne-harris	9	Haruki Murakami	Kafka on the Shore	OL2625431W
joanne-harris	10	Andrea Levy	Small Island	OL5860211W
joe-dunthorne	1	WG Sebald	The Rings of Saturn	OL46611W
joe-dunthorne	2	Cormac McCarthy	Blood Meridian	OL40879W
joe-dunthorne	3	Marilynne Robinson	Housekeeping	OL1875010W
joe-dunthorne	4	Don DeLillo	White Noise	OL1921196W
joe-dunthorne	5	Jane Bowles	Two Serious Ladies	OL120601W
joe-dunthorne	6	Patricia Highsmith	The Talented Mr Ripley	OL59434W
joe-dunthorne	7	EL Doctorow	Ragtime	OL55239W
joe-dunthorne	8	Kazuo Ishiguro	The Remains of the Day	OL59048W
joe-dunthorne	9	Peter Carey	True History of the Kelly Gang	OL1707638W
joe-dunthorne	10	Flann O'Brien	The Third Policeman	OL2005223W
john-boyne	1	Emily Brontë	Wuthering Heights	OL21177W
john-boyne	2	Christos Tsiolkas	The Slap	OL2539795W
john-boyne	3	John Irving	The Cider House Rules	OL8026340W
john-boyne	4	Charles Dickens	David Copperfield	OL8662242W
john-boyne	5	Donna Tartt	The Secret History	OL4321141W
john-boyne	6	Tim Winton	Cloudstreet	OL27442749W
john-boyne	7	EM Forster	Howards End	OL88881W
john-boyne	8	Kingsley Amis	Lucky Jim	OL1863530W
john-boyne	9	William Somerset Maugham	The Razor's Edge	OL505944W
john-boyne	10	Agatha Christie	The Murder of Roger Ackroyd	OL471932W
john-lanchester	1	Marcel Proust	In Search of Lost Time	OL1190289W
john-lanchester	2	George Eliot	Middlemarch	OL25411286W
john-lanchester	3	James Joyce	Ulysses	OL86318W
john-lanchester	4	Leo Tolstoy	War and Peace	OL36765642W
john-lanchester	5	Herman Melville	Moby-Dick	OL102749W
john-lanchester	6	Giuseppe Tomasi di Lampedusa	The Leopard	OL2386322W
john-lanchester	7	Fyodor Dostoevsky	Demons	OL166971W
john-lanchester	8	Cao Xueqin	The Story of the Stone, or the Dream of the Red Chamber	OL7982392W
john-lanchester	9	Ursula K Le Guin	The Left Hand of Darkness	OL59800W
john-lanchester	10	Anthony Powell	A Dance to the Music of Time	OL2074162W
john-mullan	1	Jane Austen	Emma	OL66513W
john-mullan	2	Charles Dickens	Great Expectations	OL8721462W
john-mullan	3	George Eliot	Middlemarch	OL25411286W
john-mullan	4	Leo Tolstoy	Anna Karenina	OL267096W
john-mullan	5	Laurence Sterne	The Life and Opinions of Tristram Shandy	OL5475773W
john-mullan	6	Marcel Proust	In Search of Lost Time	OL1190289W
john-mullan	7	Gustave Flaubert	Madame Bovary	OL893707W
john-mullan	8	James Joyce	Ulysses	OL86318W
john-mullan	9	Thomas Hardy	Tess of the D'urbervilles	OL44927W
john-mullan	10	Jane Austen	Pride and Prejudice	OL66554W
john-self	1	Joseph Heller	Something Happened	OL15706660W
john-self	2	Kazuo Ishiguro	The Remains of the Day	OL59048W
john-self	3	Virginia Woolf	Mrs Dalloway	OL39349W
john-self	4	J. M. Coetzee	Summertime	OL14934891W
john-self	5	Penelope Fitzgerald	The Beginning of Spring	OL20769W
john-self	6	Italo Calvino	Invisible Cities	OL15297W
john-self	7	Kurt Vonnegut	Cat's Cradle	OL98454W
john-self	8	Muriel Spark	The Prime of Miss Jean Brodie	OL26437W
john-self	9	Evelyn Waugh	A Handful of Dust	OL5721565W
john-self	10	John Irving	A Prayer for Owen Meany	OL14858723W
jon-day	1	James Joyce	Ulysses	OL86318W
jon-day	2	Penelope Fitzgerald	The Blue Flower	OL20771W
jon-day	3	Kazuo Ishiguro	The Remains of the Day	OL59048W
jon-day	4	Helen Dewitt	The Last Samurai	OL221348W
jon-day	5	Tsitsi Dangarembga	Nervous Conditions	OL17661158W
jon-day	6	Flann O'Brien	The Third Policeman	OL2005223W
jon-day	7	Charles Dickens	Bleak House	OL14868510W
jon-day	8	Virginia Woolf	To the Lighthouse	OL39396W
jon-day	9	Gerald Murnane	Tamarisk Row	OL3128703W
jon-day	10	Alan Hollinghurst	The Swimming-Pool Library	OL1993499W
joshua-cohen	1	Charles Dickens	The Adventures of Oliver Twist	OL8193478W
joshua-cohen	2	George du Maurier	Trilby	OL1940374W
joshua-cohen	3	Daniel Defoe	Roxana	OL30274067W
joshua-cohen	4	Matthew Gregory Lewis	The Monk	OL13116995W
joshua-cohen	5	Ford Madox Ford	Parade's End	OL509919W
joshua-cohen	6	Anthony Trollope	The Way We Live Now	OL109871W
joshua-cohen	7	Evelyn Waugh	Vile Bodies	OL5721561W
joshua-cohen	8	Aldous Huxley	Point Counter Point	OL64465W
joshua-cohen	9	Graham Greene	Stamboul Train	OL106079W
joshua-cohen	10	Bram Stoker	Dracula	OL85892W
juan-gabriel-vasquez	1	Miguel de Cervantes	Don Quixote	OL503666W
juan-gabriel-vasquez	2	Gabriel García Márquez	One Hundred Years of Solitude	OL274505W
juan-gabriel-vasquez	3	Gustave Flaubert	Madame Bovary	OL893707W
juan-gabriel-vasquez	4	Leo Tolstoy	Anna Karenina	OL267096W
juan-gabriel-vasquez	5	Joseph Conrad	Heart of Darkness	OL38663W
juan-gabriel-vasquez	6	Marcel Proust	In Search of Lost Time	OL1190289W
juan-gabriel-vasquez	7	Virginia Woolf	To the Lighthouse	OL39396W
juan-gabriel-vasquez	8	Fyodor Dostoevsky	Crime and Punishment	OL40766966W
juan-gabriel-vasquez	9	Mario Vargas Llosa	Conversation in the Cathedral	OL857552W
juan-gabriel-vasquez	10	William Faulkner	Light in August	OL82931W
jude-cook	1	Jane Austen	Mansfield Park	OL66530W
jude-cook	2	Charles Dickens	Bleak House	OL14868510W
jude-cook	3	William Makepeace Thackeray	Vanity Fair	OL16313W
jude-cook	4	Thomas Hardy	The Return of the Native	OL44994W
jude-cook	5	Edith Wharton	The Age of Innocence	OL98491W
jude-cook	6	Virginia Woolf	The Waves	OL39316W
jude-cook	7	F. Scott Fitzgerald	Tender Is the Night	OL468485W
jude-cook	8	Saul Bellow	Herzog	OL15859552W
jude-cook	9	Toni Morrison	Beloved	OL50548W
jude-cook	10	Hanif Kureishi	The Buddha of Suburbia	OL921378W
julie-myerson	1	Virginia Woolf	To the Lighthouse	OL39396W
julie-myerson	2	Kazuo Ishiguro	The Remains of the Day	OL59048W
julie-myerson	3	James Salter	All That Is	OL16672348W
julie-myerson	4	Sarah Waters	Fingersmith	OL551015W
julie-myerson	5	F Scott Fitzgerald	The Great Gatsby	OL468431W
julie-myerson	6	Toni Morrison	Beloved	OL50548W
julie-myerson	7	Emily Brontë	Wuthering Heights	OL21177W
julie-myerson	8	William Trevor	Felicia's Journey	OL1863359W
julie-myerson	9	Anita Brookner	Strangers	OL14919676W
julie-myerson	10	Henry James	The Turn of the Screw	OL276386W
justine-jordan	1	James Joyce	Ulysses	OL86318W
justine-jordan	2	George Eliot	Middlemarch	OL25411286W
justine-jordan	3	Jane Austen	Persuasion	OL66544W
justine-jordan	4	Salman Rushdie	Midnight's Children	OL457179W
justine-jordan	5	Charles Dickens	Our Mutual Friend	OL41368739W
justine-jordan	6	Vladimir Nabokov	Lolita	OL627084W
justine-jordan	7	Samuel Beckett	Samuel Beckett Trilogy Molloy; Malone Dies; the Unnamable	OL43336312W
justine-jordan	8	Toni Morrison	Beloved	OL50548W
justine-jordan	9	Hilary Mantel	Wolf Hall	OL464512W
justine-jordan	10	Joseph Heller	Catch-22	OL276798W
kate-mosse	1	Emily Brontë	Wuthering Heights	OL21177W
kate-mosse	2	Agatha Christie	Sleeping Murder	OL472250W
kate-mosse	3	Toni Morrison	The Bluest Eye	OL50565W
kate-mosse	4	Barbara Kingsolver	Demon Copperhead	OL27052926W
kate-mosse	5	Henry James	The Turn of the Screw	OL276386W
kate-mosse	6	Murasaki Shikibu	The Tale of Genji	OL2564006W
kate-mosse	7	Ann Petry	The Street	OL48197W
kate-mosse	8	Antonia Barber	The Amazing Mr Blunden	OL465059W
kate-mosse	9	John Bunyan	The Pilgrim's Progress	OL107195W
kate-mosse	10	Mary Shelley	Frankenstein	OL26860869W
katharine-viner	1	Toni Morrison	Beloved	OL50548W
katharine-viner	2	Charlotte Brontë	Jane Eyre	OL1095427W
katharine-viner	3	Jane Austen	Sense and Sensibility	OL66562W
katharine-viner	4	Virginia Woolf	Orlando	OL39360W
katharine-viner	5	Gabriel García Márquez	Love in the Time of Cholera	OL274518W
katharine-viner	6	Leo Tolstoy	Anna Karenina	OL267096W
katharine-viner	7	Charles Dickens	David Copperfield	OL8662242W
katharine-viner	8	Andrea Levy	Small Island	OL5860211W
katharine-viner	9	Chimamanda Ngozi Adichie	Half of a Yellow Sun	OL5731542W
katharine-viner	10	Olga Tokarczuk	Drive Your Plow Over the Bones of the Dead	OL17351965W
katherine-rundell	1	Jane Austen	Emma	OL66513W
katherine-rundell	2	George Eliot	Middlemarch	OL25411286W
katherine-rundell	3	Mary Shelley	Frankenstein	OL450063W
katherine-rundell	4	Toni Morrison	Beloved	OL50548W
katherine-rundell	5	Marilynne Robinson	Gilead	OL1875009W
katherine-rundell	6	Lewis Carroll	Alice's Adventures in Wonderland	OL151411W
katherine-rundell	7	Fyodor Dostoyevsky	The Brothers Karamazov	OL28570167W
katherine-rundell	8	Hilary Mantel	Wolf Hall	OL464512W
katherine-rundell	9	Tove Jansson	Moominland Midwinter	OL2196005W
katherine-rundell	10	Alexandre Dumas	The Count of Monte Cristo	OL43161739W
kathryn-hughes	1	George Eliot	Middlemarch	OL25411286W
kathryn-hughes	2	Charlotte Brontë	Jane Eyre	OL1095427W
kathryn-hughes	3	Charles Dickens	Bleak House	OL40513281W
kathryn-hughes	4	Jane Austen	Pride and Prejudice	OL66554W
kathryn-hughes	5	Virginia Woolf	Orlando	OL39360W
kathryn-hughes	6	Elizabeth Gaskell	Cranford	OL1103093W
kathryn-hughes	7	Evelyn Waugh	Brideshead Revisited	OL5721394W
kathryn-hughes	8	Salman Rushdie	Midnight's Children	OL457179W
kathryn-hughes	9	Julian Barnes	Flaubert's Parrot	OL1984734W
kathryn-hughes	10	Henry James	The Turn of the Screw	OL276386W
kevin-power	1	James Joyce	Ulysses	OL86318W
kevin-power	2	Vladimir Nabokov	Lolita	OL627084W
kevin-power	3	Virginia Woolf	Mrs Dalloway	OL39349W
kevin-power	4	Martin Amis	Money	OL16847W
kevin-power	5	William Faulkner	The Sound and the Fury	OL82870W
kevin-power	6	Joseph Conrad	Heart of Darkness	OL38663W
kevin-power	7	Gustave Flaubert	Madame Bovary	OL893707W
kevin-power	8	Jonathan Franzen	The Corrections	OL4082696W
kevin-power	9	Saul Bellow	Herzog	OL15859552W
kevin-power	10	Henry James	The Portrait of a Lady	OL276365W
kieran-goddard	1	D. H. Lawrence	Women in Love	OL81294W
kieran-goddard	2	Fyodor Dostoyevsky	The Brothers Karamazov	OL10432709W
kieran-goddard	3	James Joyce	Ulysses	OL86318W
kieran-goddard	4	Virginia Woolf	To the Lighthouse	OL39396W
kieran-goddard	5	George Eliot	Middlemarch	OL20867W
kieran-goddard	6	Thomas Hardy	Jude the Obscure	OL44986W
kieran-goddard	7	Saul Bellow	Herzog	OL15859552W
kieran-goddard	8	WG Sebald	Austerlitz	OL46615W
kieran-goddard	9	Marilynne Robinson	Housekeeping	OL1875010W
kieran-goddard	10	JM Coetzee	Disgrace	OL500451W
kit-de-waal	1	Kazuo Ishiguro	The Remains of the Day	OL59048W
kit-de-waal	2	Gustave Flaubert	Madame Bovary	OL893707W
kit-de-waal	3	Daniel Keyes	Flowers for Algernon	OL515754W
kit-de-waal	4	Charles Dickens	Great Expectations	OL8721462W
kit-de-waal	5	Graham Greene	The End of the Affair	OL106073W
kit-de-waal	6	Charlotte Brontë	Jane Eyre	OL1095427W
kit-de-waal	7	Toni Morrison	Beloved	OL50548W
kit-de-waal	8	Cormac McCarthy	The Road	OL40873W
kit-de-waal	9	Donal Ryan	The Thing About December	OL17434786W
kit-de-waal	10	John le Carré	The Spy Who Came in From the Cold	OL15723140W
lara-feigel	1	Leo Tolstoy	War and Peace	OL36765642W
lara-feigel	2	Leo Tolstoy	Anna Karenina	OL267096W
lara-feigel	3	George Eliot	Middlemarch	OL25411286W
lara-feigel	4	DH Lawrence	The Rainbow	OL81293W
lara-feigel	5	Virginia Woolf	To the Lighthouse	OL39396W
lara-feigel	6	Doris Lessing	The Golden Notebook	OL31259W
lara-feigel	7	Charles Dickens	Bleak House	OL14868510W
lara-feigel	8	Henry James	The Portrait of a Lady	OL276365W
lara-feigel	9	Zora Neale Hurston	Their Eyes Were Watching God	OL27778127W
lara-feigel	10	Charlotte Brontë	Jane Eyre	OL1095427W
laura-wilson	1	Samuel Richardson	Clarissa Harlowe	OL1150725W
laura-wilson	2	Jane Austen	Emma	OL66513W
laura-wilson	3	Gustave Flaubert	Madame Bovary	OL893707W
laura-wilson	4	George Orwell	Nineteen Eighty-Four	OL1168083W
laura-wilson	5	Lewis Carroll	Alice in Wonderland	OL151411W
laura-wilson	6	E. B. White	Charlotte's Web	OL483391W
laura-wilson	7	Charles Dickens	Great Expectations	OL8721462W
laura-wilson	8	Erich Maria Remarque	All Quiet on the Western Front	OL1209288W
laura-wilson	9	John Steinbeck	The Grapes of Wrath	OL23205W
laura-wilson	10	Kazuo Ishiguro	The Remains of the Day	OL59048W
lauren-elkin	1	Virginia Woolf	Mrs Dalloway	OL39349W
lauren-elkin	2	Djuna Barnes	Nightwood	OL505583W
lauren-elkin	3	Toni Morrison	Beloved	OL50548W
lauren-elkin	4	Annie Ernaux	The Years	OL102389W
lauren-elkin	5	Georges Perec	Life, a User's Manual	OL1715276W
lauren-elkin	6	George Eliot	Middlemarch	OL25411286W
lauren-elkin	7	Émile Zola	Germinal	OL118986W
lauren-elkin	8	Victor Hugo	Notre Dame De Paris	OL15202030W
lauren-elkin	9	Elizabeth Bowen	Heat of the Day	OL724072W
lauren-elkin	10	Madame de La Fayette	La Princesse De Cleves	OL1244914W
liese-spencer	1	Jane Austen	Emma	OL66513W
liese-spencer	2	Laurence Sterne	The Life and Opinions of Tristram Shandy, Gentleman	OL679230W
liese-spencer	3	Toni Morrison	Beloved	OL50548W
liese-spencer	4	Virginia Woolf	Mrs Dalloway	OL39349W
liese-spencer	5	Fyodor Dostoevsky	Crime and Punishment	OL166894W
liese-spencer	6	Muriel Spark	The Prime of Miss Jean Brodie	OL26437W
liese-spencer	7	Charles Dickens	Great Expectations	OL8721462W
liese-spencer	8	Sally Rooney	Normal People	OL20150260W
liese-spencer	9	Russell Hoban	Riddley Walker	OL74293W
liese-spencer	10	Marilynne Robinson	Housekeeping	OL1875010W
lily-king	1	Virginia Woolf	To the Lighthouse	OL39396W
lily-king	2	Virginia Woolf	Mrs Dalloway	OL39349W
lily-king	3	William Faulkner	The Sound and the Fury	OL82870W
lily-king	4	Toni Morrison	Beloved	OL50548W
lily-king	5	Jane Austen	Persuasion	OL66544W
lily-king	6	Jane Austen	Pride and Prejudice	OL66554W
lily-king	7	George Eliot	Middlemarch	OL25411286W
lily-king	8	Halldór Laxness	Independant People	OL757983W
lily-king	9	Marcel Proust	In Search of Lost Time	OL1190289W
lily-king	10	Shirley Hazzard	The Transit of Venus	OL103066W
lisa-allardice	1	George Eliot	Middlemarch	OL35863440W
lisa-allardice	2	Virginia Woolf	To the Lighthouse	OL39396W
lisa-allardice	3	Nancy Mitford	The Pursuit of Love	OL2233736W
lisa-allardice	4	Margaret Atwood	The Handmaid's Tale	OL675783W
lisa-allardice	5	Muriel Spark	The Prime of Miss Jean Brodie	OL26437W
lisa-allardice	6	Daphne du Maurier	Rebecca	OL19690272W
lisa-allardice	7	Toni Morrison	Beloved	OL50548W
lisa-allardice	8	Henry James	The Portrait of a Lady	OL276365W
lisa-allardice	9	Virginia Woolf	Mrs Dalloway	OL39349W
lisa-allardice	10	Jane Austen	Persuasion	OL40756300W
lisa-tuttle	1	Margaret Atwood	The Handmaid's Tale	OL675783W
lisa-tuttle	2	Gustave Flaubert	Sentimental Education	OL893802W
lisa-tuttle	3	Henry James	The Turn of the Screw	OL276386W
lisa-tuttle	4	Charles Dickens	Bleak House	OL14868510W
lisa-tuttle	5	Jane Austen	Persuasion	OL66544W
lisa-tuttle	6	Octavia E Butler	Kindred	OL35616W
lisa-tuttle	7	Charlotte Brontë	Jane Eyre	OL1095427W
lisa-tuttle	8	F Scott Fitzgerald	The Great Gatsby	OL468431W
lisa-tuttle	9	Murasaki Shikibu	The Tale of Genji	OL2564006W
lisa-tuttle	10	Doris Lessing	The Golden Notebook	OL31259W
lorrie-moore	1	Robert Stone	A Flag for Sunrise	OL55221W
lorrie-moore	2	William Faulkner	Light in August	OL82931W
lorrie-moore	3	Alice Munro	Lives of Girls and Women	OL931688W
lorrie-moore	4	Toni Morrison	Beloved	OL50548W
lorrie-moore	5	Ian McEwan	The Child in Time	OL1855887W
lorrie-moore	6	Kazuo Ishiguro	The Remains of the Day	OL59048W
lorrie-moore	7	Giovanni Boccaccio	The Decameron of Boccaccio	OL7180368W
lorrie-moore	8	George Eliot	Middlemarch	OL29850902W
lorrie-moore	9	Jane Austen	Emma	OL20595207M
lorrie-moore	10	Henry James	Washington Square	OL40690787W
lucas-rijneveld	1	Mary Shelley	Frankenstein	OL28730972W
lucas-rijneveld	2	Kurt Vonnegut	Slaughterhouse-Five	OL98459W
lucas-rijneveld	3	Max Porter	Grief Is the Thing With Feathers	OL20032791W
lucas-rijneveld	4	J.R.R. Tolkien	The Hobbit	OL27482W
lucas-rijneveld	5	Vladimir Nabokov	Lolita	OL627084W
lucas-rijneveld	6	Olga Tokarczuk	Drive Your Plow Over the Bones of the Dead	OL17351965W
lucas-rijneveld	7	Edgar Allan Poe	The Fall of the House of Usher	OL41078W
lucas-rijneveld	8	Heather Fawcett	Emily Wilde's Encyclopaedia of Faeries	OL27411628W
lucas-rijneveld	9	Marian Engel	Bear	OL5280446W
lucas-rijneveld	10	Ocean Vuong	On Earth We're Briefly Gorgeous	OL20783698W
lucy-knight	1	Ali Smith	How to Be Both	OL17063057W
lucy-knight	2	Alison Bechdel	Fun Home	OL1835957W
lucy-knight	3	Tove Jansson	The Summer Book	OL2196010W
lucy-knight	4	Chimamanda Ngozi Adichie	Americanah	OL16805415W
lucy-knight	5	Angela Carter	Wise Children	OL697431W
lucy-knight	6	Kazuo Ishiguro	Never Let Me Go	OL59038W
lucy-knight	7	Gabrielle Zevin	Tomorrow, and Tomorrow, and Tomorrow	OL26004554W
lucy-knight	8	Jane Austen	Pride and Prejudice	OL66554W
lucy-knight	9	F Scott Fitzgerald	The Great Gatsby	OL468431W
lucy-knight	10	Ford Madox Ford	The Good Soldier	OL509889W
m-john-harrison	1	William Hope Hodgson	House on the Borderland	OL36270985W
m-john-harrison	2	Virginia Woolf	Jacob's Room	OL39329W
m-john-harrison	3	Jean Rhys	Good Morning, Midnight	OL1858631W
m-john-harrison	4	Kenneth Patchen	The Journal of Albion Moonlight	OL11294796W
m-john-harrison	5	Paul Bowles	The Spider's House	OL2066160W
m-john-harrison	6	Barbara Comyns	Who Was Changed and Who Was Dead	OL26414465W
m-john-harrison	7	Iris Murdoch	The Unicorn	OL1326349W
m-john-harrison	8	Alan Burns	Europe After the Rain	OL7171684W
m-john-harrison	9	Kazuo Ishiguro	Never Let Me Go	OL59038W
m-john-harrison	10	Selby Wynn Schwartz	After Sappho	OL27820956W
maaza-mengiste	1	Toni Morrison	Song of Solomon	OL50564W
maaza-mengiste	2	E. L. Doctorow	The Book of Daniel	OL55238W
maaza-mengiste	3	Abdulrazak Gurnah	Afterlives	OL21678662W
maaza-mengiste	4	Tsitsi Dangarembga	Nervous Conditions	OL17661158W
maaza-mengiste	5	Hilary Mantel	Wolf Hall	OL464512W
maaza-mengiste	6	Jenny Erpenbeck	Visitation	OL971643W
maaza-mengiste	7	Edward P Jones	The Known World	OL4112928W
maaza-mengiste	8	Han Kang	Human Acts	OL17764836W
maaza-mengiste	9	Leo Tolstoy	War and Peace	OL36765642W
maaza-mengiste	10	James Baldwin	Go Tell It on the Mountain	OL228705W
maggie-ofarrell	1	Jane Gardam	Old Filth Trilogy	OL26504281W
maggie-ofarrell	2	Alice Walker	The Color Purple	OL273644W
maggie-ofarrell	3	Daniel Mason	North Woods	OL34028309W
maggie-ofarrell	4	Claire Keegan	Foster	OL19956847W
maggie-ofarrell	5	Charlotte Brontë	Jane Eyre	OL1095427W
maggie-ofarrell	6	Edward St Aubyn	The Patrick Melrose Novels	OL16142488W
maggie-ofarrell	7	James Joyce	Ulysses	OL86318W
maggie-ofarrell	8	Charles Dickens	David Copperfield	OL8662242W
maggie-ofarrell	9	Charlotte Perkins Gilman	The Yellow Wallpaper	OL2772007W
maggie-ofarrell	10	James Hogg	The Private Memoirs and Confessions of a Justified Sinner	OL240077W
marcel-theroux	1	Leo Tolstoy	War and Peace	OL36765642W
marcel-theroux	2	George Eliot	Middlemarch	OL25411286W
marcel-theroux	3	Gustave Flaubert	Madame Bovary	OL893707W
marcel-theroux	4	Jane Austen	Pride and Prejudice	OL15165350W
marcel-theroux	5	Charles Dickens	David Copperfield	OL8662242W
marcel-theroux	6	George Orwell	Nineteen Eighty-Four	OL1168083W
marcel-theroux	7	Jonathan Swift	Gulliver's Travels	OL20600W
marcel-theroux	8	F Scott Fitzgerald	The Great Gatsby	OL468431W
marcel-theroux	9	Mikhail Bulgakov	The Master and Margarita	OL676009W
marcel-theroux	10	Rudyard Kipling	Kim	OL19908W
mark-haddon	1	Virginia Woolf	Jacob's Room	OL39329W
mark-haddon	2	Charles Dickens	Bleak House	OL14868510W
mark-haddon	3	Anders Nilsen	Tongues I	OL42393484W
mark-haddon	4	Yael van der Wouden	The Safekeep	OL37572547W
mark-haddon	5	Olga Ravn	The Employees	OL25803688W
mark-haddon	6	Jon Fosse	Septology	OL27871634W
mark-haddon	7	Rose Tremain	Restoration	OL477540W
mark-haddon	8	Richard McGuire	Here	OL17321997W
mark-haddon	9	Lauren Groff	Matrix	OL24314402W
mark-haddon	10	Benjamín Labatut	The Maniac	OL34388805W
matt-haig	1	Italo Calvino	Invisible Cities	OL15297W
matt-haig	2	Emily Brontë	Wuthering Heights	OL21177W
matt-haig	3	S. E. Hinton	The Outsiders	OL2718328W
matt-haig	4	Graham Greene	The Power and the Glory	OL106084W
matt-haig	5	Charlotte Brontë	Jane Eyre	OL1095427W
matt-haig	6	Mariana Enriquez	Things We Lost in the Fire	OL34173139W
matt-haig	7	Miguel de Cervantes	Don Quixote	OL503666W
matt-haig	8	Douglas Adams	The Hitch Hiker's Guide to the Galaxy	OL2163649W
matt-haig	9	Hermann Hesse	Siddhartha	OL872932W
matt-haig	10	Alexandre Dumas	The Count of Monte Cristo	OL43161739W
maya-jaggi	1	Leo Tolstoy	Anna Karenina	OL267096W
maya-jaggi	2	James Joyce	A Portrait of the Artist as a Young Man	OL86343W
maya-jaggi	3	Günter Grass	The Tin Drum	OL67334W
maya-jaggi	4	Toni Morrison	The Bluest Eye	OL50565W
maya-jaggi	5	Michael Ondaatje	In the Skin of a Lion	OL53069W
maya-jaggi	6	Nuruddin Farah	Maps	OL12163507W
maya-jaggi	7	Ahmet Hamdi Tanpınar	A Mind at Peace	OL8911551W
maya-jaggi	8	Miroslav Krleža	On the Edge of Reason	OL2957601W
maya-jaggi	9	Edwidge Danticat	The Dew Breaker	OL1806976W
maya-jaggi	10	Nino Haratischvili	Eighth Life	OL20681799W
maya-jasanoff	1	George Eliot	Middlemarch	OL25411286W
maya-jasanoff	2	Charles Dickens	Bleak House	OL14868510W
maya-jasanoff	3	Leo Tolstoy	Anna Karenina	OL267096W
maya-jasanoff	4	Thomas Mann	Buddenbrooks	OL14867081W
maya-jasanoff	5	Virginia Woolf	Mrs Dalloway	OL39349W
maya-jasanoff	6	Joseph Conrad	Heart of Darkness	OL38663W
maya-jasanoff	7	Gustave Flaubert	Sentimental Education	OL893802W
maya-jasanoff	8	VS Naipaul	A House for Mr Biswas	OL103113W
maya-jasanoff	9	Saul Bellow	The Adventures of Augie March	OL506116W
maya-jasanoff	10	Vikram Seth	A Suitable Boy	OL43037384W
mazen-maarouf	1	Ágota Kristóf	The Third Lie	OL836970W
mazen-maarouf	2	Romain Gary	Promise at Dawn	OL28192620W
mazen-maarouf	3	Mercè Rodoreda	In Diamond Square	OL23105227W
mazen-maarouf	4	Miguel de Cervantes	Don Quixote	OL503666W
mazen-maarouf	5	Scheherazade	One Thousand and One Nights	OL8061279W
mazen-maarouf	6	Chinua Achebe	Things Fall Apart	OL891786W
mazen-maarouf	7	Jabbour Douaihy	June Rain	OL25437676W
mazen-maarouf	8	Gabriel García Márquez	Chronicle of a Death Foretold	OL26201952W
mazen-maarouf	9	J. D. Salinger	The Catcher in the Rye	OL3335245W
mazen-maarouf	10	Ghassan Kanafani	Men in the Sun and Other Palestinian Stories	OL1603637W
meg-rosoff	1	Joseph Heller	Catch-22	OL276798W
meg-rosoff	2	Richard Hughes	A High Wind in Jamaica	OL112623W
meg-rosoff	3	John Steinbeck	East of Eden	OL23166W
meg-rosoff	4	Francis Spufford	Golden Hill	OL17838472W
meg-rosoff	5	Hilary Mantel	Wolf Hall	OL464512W
meg-rosoff	6	Hilary Mantel	The Mirror and the Light	OL20665410W
meg-rosoff	7	Hilary Mantel	Bring up the Bodies	OL16547664W
meg-rosoff	8	Jane Austen	Pride and Prejudice	OL66554W
meg-rosoff	9	George Orwell	Nineteen Eighty-Four	OL1168083W
meg-rosoff	10	Elizabeth Jane Howard	The Long View	OL2824324W
melissa-broder	1	Gustave Flaubert	Madame Bovary	OL893707W
melissa-broder	2	Edith Wharton	The Age of Innocence	OL98491W
melissa-broder	3	Leo Tolstoy	Ivan Ilyitch	OL267174W
melissa-broder	4	Thomas Bernhard	Woodcutters	OL20422365W
melissa-broder	5	Thomas Mann	Death in Venice	OL16246083W
melissa-broder	6	Vladimir Nabokov	Lolita	OL627084W
melissa-broder	7	Clarice Lispector	The Passion According to G.h.	OL1002138W
melissa-broder	8	George Eliot	Middlemarch	OL20867W
melissa-broder	9	Virginia Woolf	Mrs Dalloway	OL39349W
melissa-broder	10	Philip Roth	Portnoy's Complaint	OL74676W
melissa-harrison	1	James Joyce	Ulysses	OL86318W
melissa-harrison	2	Leo Tolstoy	Anna Karenina	OL267096W
melissa-harrison	3	William Faulkner	The Sound and the Fury	OL82870W
melissa-harrison	4	Hilary Mantel	Bring up the Bodies	OL16547664W
melissa-harrison	5	John Steinbeck	The Grapes of Wrath	OL23205W
melissa-harrison	6	J.R.R. Tolkien	The Lord of the Rings	OL27448W
melissa-harrison	7	Susanna Clarke	Piranesi	OL20893680W
melissa-harrison	8	Henry Williamson	Tarka the Otter	OL11376124W
melissa-harrison	9	James Salter	Light Years	OL2009202W
melissa-harrison	10	Martin Amis	The Information	OL16846W
merve-emre	1	George Eliot	Middlemarch	OL25411286W
merve-emre	2	Vladimir Nabokov	Lolita	OL627084W
merve-emre	3	Marilynne Robinson	Housekeeping	OL1875010W
merve-emre	4	Toni Morrison	Beloved	OL50548W
merve-emre	5	Gerald Murnane	The Plains	OL3128704W
merve-emre	6	James Joyce	Ulysses	OL86318W
merve-emre	7	Virginia Woolf	To the Lighthouse	OL39396W
merve-emre	8	Henry James	The Portrait of a Lady	OL276365W
merve-emre	9	Ralph Ellison	Invisible Man	OL495470W
merve-emre	10	William Faulkner	The Sound and the Fury	OL82870W
michael-chabon	1	Herman Melville	Moby-Dick	OL102749W
michael-chabon	2	Virginia Woolf	Orlando	OL39360W
michael-chabon	3	Gabriel García Márquez	Love in the Time of Cholera	OL274518W
michael-chabon	4	Jane Austen	Pride and Prejudice	OL66554W
michael-chabon	5	Henry James	The Golden Bowl	OL276338W
michael-chabon	6	Thomas Pynchon	Gravity's Rainbow	OL2636675W
michael-chabon	7	William Maxwell	So Long, See You Tomorrow	OL1503886W
michael-chabon	8	J.R.R. Tolkien	The Lord of the Rings	OL27448W
michael-chabon	9	Patrick O'Brian	Aubrey-Maturin Series	OL25687457W
michael-chabon	10	Ursula K Le Guin	The Left Hand of Darkness	OL59800W
michael-donkor	1	George Eliot	Middlemarch	OL25411286W
michael-donkor	2	Gustave Flaubert	Madame Bovary	OL893707W
michael-donkor	3	Gabriel García Márquez	One Hundred Years of Solitude	OL274505W
michael-donkor	4	Vladimir Nabokov	Lolita	OL627084W
michael-donkor	5	William Faulkner	The Sound and the Fury	OL82870W
michael-donkor	6	Virginia Woolf	Mrs Dalloway	OL39349W
michael-donkor	7	E. M. Forster	A Passage to India	OL88809W
michael-donkor	8	Chinua Achebe	Things Fall Apart	OL891786W
michael-donkor	9	Richard Yates	Revolutionary Road	OL501911W
michael-donkor	10	Toni Morrison	The Bluest Eye	OL50565W
nadifa-mohamed	1	Toni Morrison	Beloved	OL50548W
nadifa-mohamed	2	Alexander Pushkin	Eugene Onegin	OL623499W
nadifa-mohamed	3	Rohinton Mistry	A Fine Balance	OL2980902W
nadifa-mohamed	4	Leila Aboulela	The Translator	OL5846570W
nadifa-mohamed	5	Irvine Welsh	Marabou Stork Nightmares	OL816266W
nadifa-mohamed	6	Jean Rhys	Wide Sargasso Sea	OL1858668W
nadifa-mohamed	7	Abdulrazak Gurnah	By the Sea	OL3958400W
nadifa-mohamed	8	Claude McKay	Home to Harlem	OL37871715W
nadifa-mohamed	9	Percival L. Everett	Telephone	OL20914620W
nadifa-mohamed	10	Arundhati Roy	The God of Small Things	OL1052133W
naoise-dolan	1	Máirtín Ó Cadhain	The Dirty Dust	OL671818W
naoise-dolan	2	Elsa Morante	Arturo's Island	OL2883788W
naoise-dolan	3	Toni Morrison	Song of Solomon	OL50564W
naoise-dolan	4	Jane Austen	Emma	OL66513W
naoise-dolan	5	Charles Dickens	Bleak House	OL14868510W
naoise-dolan	6	James Baldwin	Giovanni's Room	OL228702W
naoise-dolan	7	Fumiko Enchi	The Waiting Years	OL12126363W
naoise-dolan	8	Thomas Mann	Buddenbrooks	OL14867081W
naoise-dolan	9	Breandán Ó hEithir	Lead Us Into Temptation	OL672263W
naoise-dolan	10	Gabriel García Márquez	Of Love and Other Demons	OL468850W
natalie-haynes	1	Yoko Ogawa	The Memory Police	OL11690127W
natalie-haynes	2	Birgit Vanderbeke	Mussel Feast	OL35700703W
natalie-haynes	3	Jennifer Egan	A Visit From the Goon Squad	OL15026613W
natalie-haynes	4	Richard Powers	Overstory	OL19074847W
natalie-haynes	5	Susan Cooper	The Dark Is Rising	OL35730490W
natalie-haynes	6	Eleanor Catton	The Luminaries	OL16810597W
natalie-haynes	7	Anne Enright	The Green Road	OL17625869W
natalie-haynes	8	Ali Smith	How to Be Both	OL17063057W
natalie-haynes	9	Julian Barnes	The Noise of Time	OL17764501W
natalie-haynes	10	Ruth Ozeki	Tale for the Time Being	OL17267887W
natasha-walter	1	Annie Ernaux	The Years	OL102389W
natasha-walter	2	Toni Morrison	Beloved	OL50548W
natasha-walter	3	Leo Tolstoy	War and Peace	OL36765642W
natasha-walter	4	Natalia Ginzburg	All Our Yesterdays	OL1449782W
natasha-walter	5	Chinua Achebe	Things Fall Apart	OL891786W
natasha-walter	6	Virginia Woolf	To the Lighthouse	OL39396W
natasha-walter	7	Elena Ferrante	My Brilliant Friend	OL16520879W
natasha-walter	8	Tsitsi Dangarembga	Nervous Conditions	OL17661158W
natasha-walter	9	Doris Lessing	The Golden Notebook	OL31259W
natasha-walter	10	D. H. Lawrence	Sons and Lovers	OL81295W
nikesh-shukla	1	Hanif Kureishi	The Buddha of Suburbia	OL16032925W
nikesh-shukla	2	Zadie Smith	Nw	OL16607777W
nikesh-shukla	3	Akhil Sharma	Family Life	OL17921667W
nikesh-shukla	4	Colson Whitehead	Sag Harbor	OL1822527W
nikesh-shukla	5	Zora Neale Hurston	Their Eyes Were Watching God	OL27778127W
nikesh-shukla	6	Alan Moore	Watchmen	OL2897798W
nikesh-shukla	7	Emily St. John Mandel	Station Eleven	OL17202418W
nikesh-shukla	8	Jade Sharma	Problems	OL20032812W
nikesh-shukla	9	Tim Winton	Breath	OL501810W
nikesh-shukla	10	Mohsin Hamid	Exit West	OL17635446W
nina-allan	1	WG Sebald	Austerlitz	OL46615W
nina-allan	2	Malcolm Lowry	Under the Volcano	OL505439W
nina-allan	3	Iris Murdoch	The Sea, the Sea	OL1326310W
nina-allan	4	Emily Brontë	Wuthering Heights	OL21170W
nina-allan	5	Vladimir Nabokov	Pale Fire	OL627081W
nina-allan	6	Don DeLillo	Falling Man	OL1921191W
nina-allan	7	Truman Capote	In Cold Blood	OL1992198W
nina-allan	8	Christopher Priest	The Affirmation	OL166482W
nina-allan	9	Nicola Barker	Darkmans	OL13632840W
nina-allan	10	Patricia Highsmith	The Talented Mr Ripley	OL59434W
nina-stibbe	1	Lucy Ellmann	Ducks, Newburyport	OL20509686W
nina-stibbe	2	Edna O'Brien	The Country Girls	OL69271W
nina-stibbe	3	Arundhati Roy	The God of Small Things	OL1052133W
nina-stibbe	4	John Steinbeck	Cannery Row	OL23199W
nina-stibbe	5	Laurence Sterne	The Life and Opinions of Tristram Shandy, Gentleman	OL679230W
nina-stibbe	6	James Baldwin	Go Tell It on the Mountain	OL228705W
nina-stibbe	7	Martin Amis	Money	OL16847W
nina-stibbe	8	R. C. Sherriff	The Fortnight in September,	OL33658335W
nina-stibbe	9	P. G. Wodehouse	The Code of the Woosters	OL1337126W
nina-stibbe	10	Charles Dickens	David Copperfield	OL8662242W
nussaibah-younis	1	Madeline Miller	The Song of Achilles	OL16509148W
nussaibah-younis	2	Torrey Peters	Detransition, Baby	OL20878208W
nussaibah-younis	3	Percival L. Everett	The Trees	OL24511712W
nussaibah-younis	4	Paul Beatty	The Sellout	OL17616758W
nussaibah-younis	5	Virginie Despentes	Vernon Subutex 1	OL17343073W
nussaibah-younis	6	Constance Debré	Love Me Tender	OL27811097W
nussaibah-younis	7	Jen Beagin	Big Swiss	OL27853003W
nussaibah-younis	8	Eva Baltasar	Mammoth	OL27344918W
nussaibah-younis	9	Nick Hornby	A Long Way Down	OL1916914W
nussaibah-younis	10	Catherine Newman	We All Want Impossible Things	OL27847855W
olivia-laing	1	Marcel Proust	In Search of Lost Time	OL1190289W
olivia-laing	2	Giorgio Bassani	The Garden of the Finzi-Continis	OL136820W
olivia-laing	3	Giuseppe Tomasi di Lampedusa	The Leopard	OL2386322W
olivia-laing	4	Jane Austen	Persuasion	OL66544W
olivia-laing	5	Charles Dickens	Bleak House	OL14868510W
olivia-laing	6	Daniel Defoe	Robinson Crusoe	OL33177088W
olivia-laing	7	Muriel Spark	The Girls of Slender Means	OL26435W
olivia-laing	8	Russell Hoban	Riddley Walker	OL74293W
olivia-laing	9	WG Sebald	The Rings of Saturn	OL46611W
olivia-laing	10	Patricia Highsmith	The Talented Mr Ripley	OL59434W
parinoush-saniee	1	Simin Daneshvar	Savushun	OL3440705W
parinoush-saniee	2	George Orwell	Animal Farm	OL1168007W
parinoush-saniee	3	George Orwell	Nineteen Eighty-Four	OL1168083W
parinoush-saniee	4	Gabriel García Márquez	One Hundred Years of Solitude	OL274505W
parinoush-saniee	5	Paulo Coelho	The Alchemist	OL796465W
parinoush-saniee	6	Jane Austen	Pride and Prejudice	OL66554W
parinoush-saniee	7	Franz Kafka	The Trial	OL498463W
parinoush-saniee	8	Mikhail Bulgakov	The Master and Margarita	OL676009W
parinoush-saniee	9	Hermann Hesse	Siddhartha	OL27905681W
parinoush-saniee	10	Sadegh Hedayat	The Blind Owl	OL8398736W
pd-smith	1	Robert Musil	The Man Without Qualities	OL20498876W
pd-smith	2	Alfred Döblin	Berlin Alexanderplatz	OL1434640W
pd-smith	3	Franz Kafka	The Trial	OL498463W
pd-smith	4	Charles Dickens	Bleak House	OL14868508W
pd-smith	5	Dashiell Hammett	The Maltese Falcon	OL47266W
pd-smith	6	Raymond Chandler	The Big Sleep	OL15400582W
pd-smith	7	James Ellroy	American Tabloid	OL553752W
pd-smith	8	Mervyn Peake	Titus Groan	OL7920206W
pd-smith	9	John le Carré	Smiley's People	OL15723133W
pd-smith	10	Arthur Conan Doyle	The Valley of Fear	OL262505W
philippe-sands	1	Javier Cercas	Soldiers of Salamis	OL1647068W
philippe-sands	2	Franz Kafka	The Trial	OL498463W
philippe-sands	3	Han Kang	Human Acts	OL17764836W
philippe-sands	4	Vasily Grossman	Life and Fate	OL157104W
philippe-sands	5	Roberto Bolaño	By Night in Chile	OL712021W
philippe-sands	6	Ann Patchett	Commonwealth	OL19663905W
philippe-sands	7	Mikhail Bulgakov	The Master and Margarita	OL676009W
philippe-sands	8	Jean Giono	The Man Who Planted Trees	OL14861980W
philippe-sands	9	Abdulrazak Gurnah	Afterlives	OL21678662W
philippe-sands	10	Alan Hollinghurst	The Line of Beauty	OL1993508W
pratinav-anil	1	Marcel Proust	In Search of Lost Time	OL1190289W
pratinav-anil	2	Anthony Powell	A Dance to the Music of Time	OL2074162W
pratinav-anil	3	Iris Murdoch	A Severed Head	OL1326348W
pratinav-anil	4	Thomas Pynchon	Gravity's Rainbow	OL2636675W
pratinav-anil	5	Henry James	The Portrait of a Lady	OL276365W
pratinav-anil	6	Thomas Mann	The Magic Mountain	OL14866824W
pratinav-anil	7	Milan Kundera	The Unbearable Lightness of Being	OL8972751W
pratinav-anil	8	Ivan Aleksandrovich Goncharov	Oblomov	OL1139069W
pratinav-anil	9	Alberto Moravia	Boredom	OL14857300W
pratinav-anil	10	Mario Vargas Llosa	Aunt Julia and the Script-Writer	OL35997793W
rachel-kushner	1	Herman Melville	Moby-Dick	OL102749W
rachel-kushner	2	Stephen Crane	Red Badge of Courage	OL20844W
rachel-kushner	3	William Faulkner	As I Lay Dying	OL82929W
rachel-kushner	4	Ralph Ellison	Invisible Man	OL495470W
rachel-kushner	5	William Gaddis	The Recognitions	OL3412512W
rachel-kushner	6	F Scott Fitzgerald	The Great Gatsby	OL468431W
rachel-kushner	7	Charlotte Brontë	Jane Eyre	OL1095427W
rachel-kushner	8	Ernest Hemingway	The Sun Also Rises	OL62979W
rachel-kushner	9	Vladimir Nabokov	Lolita	OL627084W
rachel-kushner	10	Don DeLillo	Underworld	OL1921185W
rebecca-liu	1	Leo Tolstoy	Anna Karenina	OL267096W
rebecca-liu	2	Toni Morrison	Beloved	OL50548W
rebecca-liu	3	Gustave Flaubert	Madame Bovary	OL893707W
rebecca-liu	4	Doris Lessing	The Golden Notebook	OL31259W
rebecca-liu	5	Fyodor Dostoevsky	Notes From the Underground	OL21025633W
rebecca-liu	6	Samuel Selvon	The Lonely Londoners	OL3198244W
rebecca-liu	7	David Foster Wallace	Infinite Jest	OL2943602W
rebecca-liu	8	Wang Xiaobo	Golden Age	OL26582938W
rebecca-liu	9	Ursula K. Le Guin	The Dispossessed	OL59863W
rebecca-liu	10	Albert Camus	The Outsider	OL1230613W
rf-kuang	1	Vladimir Nabokov	Pale Fire	OL627081W
rf-kuang	2	F Scott Fitzgerald	The Great Gatsby	OL468431W
rf-kuang	3	Umberto Eco	The Name of the Rose	OL8996439W
rf-kuang	4	Victor Hugo	Les Misérables	OL1063588W
rf-kuang	5	Fyodor Dostoyevsky	The Brothers Karamazov	OL39195597W
rf-kuang	6	Hilary Mantel	Wolf Hall	OL464512W
rf-kuang	7	Gabriel García Márquez	One Hundred Years of Solitude	OL274505W
rf-kuang	8	Kazuo Ishiguro	The Remains of the Day	OL59048W
rf-kuang	9	Mercè Rodoreda	The Time of the Doves	OL798425W
rf-kuang	10	Thomas Mann	Buddenbrooks	OL14867081W
richard-osman	1	J. L. Carr	A Month in the Country	OL8336367W
richard-osman	2	Patricia Highsmith	The Talented Mr Ripley	OL59434W
richard-osman	3	Larry McMurtry	Lonesome Dove	OL134601W
richard-osman	4	Michael Frayn	Towards the End of the Morning	OL10426441W
richard-osman	5	Kate Atkinson	Life After Life	OL16810448W
richard-osman	6	Donna Tartt	The Goldfinch	OL16809803W
richard-osman	7	Gabriel García Márquez	One Hundred Years of Solitude	OL274505W
richard-osman	8	George Eliot	Middlemarch	OL25411286W
richard-osman	9	James Baldwin	Giovanni's Room	OL228702W
richard-osman	10	Muriel Spark	A Far Cry From Kensington	OL26424W
rishi-dastidar	1	Vikram Seth	The Golden Gate	OL11927W
rishi-dastidar	2	Leo Tolstoy	Anna Karenina	OL267096W
rishi-dastidar	3	George Eliot	Middlemarch	OL25411286W
rishi-dastidar	4	William Makepeace Thackeray	Vanity Fair	OL16313W
rishi-dastidar	5	Laurence Sterne	The Life and Opinions of Tristram Shandy, Gentleman	OL679230W
rishi-dastidar	6	David Markson	Wittgenstein's Mistress	OL754948W
rishi-dastidar	7	Salman Rushdie	Midnight's Children	OL457179W
rishi-dastidar	8	Hilary Mantel	A Place of Greater Safety	OL464517W
rishi-dastidar	9	Joseph Roth	The Radetzky March	OL466942W
rishi-dastidar	10	Peter Carey	Oscar & Lucinda	OL1707618W
roxane-gay	1	Zadie Smith	Nw	OL16607777W
roxane-gay	2	Edward P Jones	The Known World	OL4112928W
roxane-gay	3	Min Jin Lee	Pachinko	OL17762217W
roxane-gay	4	Edith Wharton	The Age of Innocence	OL98491W
roxane-gay	5	Ann Patchett	Commonwealth	OL19663905W
roxane-gay	6	Toni Morrison	Beloved	OL50548W
roxane-gay	7	Alice Walker	Possessing the Secret of Joy	OL1815834W
roxane-gay	8	Rohinton Mistry	A Fine Balance	OL2980902W
roxane-gay	9	Hernán Díaz	In the Distance	OL19721019W
roxane-gay	10	Lauren Groff	Matrix	OL24314402W
saba-sams	1	Lorrie Moore	Who Will Run the Frog Hospital?	OL32028W
saba-sams	2	Olga Tokarczuk	Drive Your Plow Over the Bones of the Dead	OL17351965W
saba-sams	3	Muriel Spark	The Prime of Miss Jean Brodie	OL26437W
saba-sams	4	Doris Lessing	The Golden Notebook	OL31259W
saba-sams	5	Virginia Woolf	To the Lighthouse	OL39396W
saba-sams	6	Carson McCullers	The Heart Is a Lonely Hunter	OL11081469W
saba-sams	7	Arundhati Roy	The God of Small Things	OL1052133W
saba-sams	8	Vladimir Nabokov	Lolita	OL627084W
saba-sams	9	James Baldwin	Another Country	OL228715W
saba-sams	10	Jean Rhys	Wide Sargasso Sea	OL1858668W
salman-rushdie	1	James Joyce	Ulysses	OL86318W
salman-rushdie	2	Marcel Proust	In Search of Lost Time	OL41312771W
salman-rushdie	3	Franz Kafka	The Trial	OL498463W
salman-rushdie	4	Gabriel García Márquez	One Hundred Years of Solitude	OL274505W
salman-rushdie	5	Günter Grass	The Tin Drum	OL67334W
salman-rushdie	6	Toni Morrison	Beloved	OL50548W
salman-rushdie	7	Miguel de Cervantes	Don Quixote	OL44222301W
salman-rushdie	8	Charles Dickens	Great Expectations	OL8721462W
salman-rushdie	9	Mikhail Bulgakov	The Master and Margarita	OL676009W
salman-rushdie	10	Edith Wharton	The Age of Innocence	OL98491W
sam-leith	1	George Eliot	Middlemarch	OL25411286W
sam-leith	2	Joseph Conrad	Heart of Darkness	OL38663W
sam-leith	3	Henry James	The Portrait of a Lady	OL276365W
sam-leith	4	Graham Greene	The End of the Affair	OL106073W
sam-leith	5	Italo Calvino	If on a Winter's Night a Traveller	OL34026241W
sam-leith	6	Kurt Vonnegut	Slaughterhouse-Five	OL98459W
sam-leith	7	Laurence Sterne	The Life and Opinions of Tristram Shandy, Gentleman	OL679230W
sam-leith	8	F Scott Fitzgerald	The Great Gatsby	OL468431W
sam-leith	9	Herman Melville	Moby-Dick	OL102749W
sam-leith	10	Vladimir Nabokov	Lolita	OL627084W
samantha-ellis	1	Emily Brontë	Wuthering Heights	OL21177W
samantha-ellis	2	Anne Brontë	The Tenant of Wildfell Hall	OL260101W
samantha-ellis	3	Joseph Roth	The Tale of the 1002nd Night	OL466987W
samantha-ellis	4	Angela Carter	Nights at the Circus	OL697429W
samantha-ellis	5	Sylvia Plath	The Bell Jar	OL1865528W
samantha-ellis	6	Hilary Mantel	Wolf Hall	OL464512W
samantha-ellis	7	Jane Austen	Persuasion	OL66544W
samantha-ellis	8	Antal Szerb	Journey by Moonlight	OL3032583W
samantha-ellis	9	Elena Ferrante	My Brilliant Friend	OL16520879W
samantha-ellis	10	Michael Chabon	The Amazing Adventures of Kavalier and Clay	OL119436W
samantha-harvey	1	Virginia Woolf	Mrs Dalloway	OL39349W
samantha-harvey	2	J. G. Farrell	The Siege of Krishnapur	OL2694535W
samantha-harvey	3	George Eliot	Silas Marner	OL25098381W
samantha-harvey	4	Thomas Hardy	Tess of the D'urbervilles	OL44927W
samantha-harvey	5	Marilynne Robinson	Home	OL43226430W
samantha-harvey	6	José Saramago	All the Names	OL17658187W
samantha-harvey	7	Graham Greene	The Power and the Glory	OL106084W
samantha-harvey	8	Victor Hugo	The Hunchback of Notre-Dame	OL15202030W
samantha-harvey	9	JM Coetzee	Disgrace	OL500451W
samantha-harvey	10	Rose Tremain	Restoration	OL20877028W
sandra-newman	1	Laurence Sterne	The Life and Opinions of Tristram Shandy, Gentleman	OL679230W
sandra-newman	2	George Eliot	Middlemarch	OL20867W
sandra-newman	3	Amos Tutuola	Palm-Wine Drinkard	OL3942386W
sandra-newman	4	Virginia Woolf	Mrs Dalloway	OL39349W
sandra-newman	5	Ralph Ellison	Invisible Man	OL495470W
sandra-newman	6	Hilary Mantel	Wolf Hall	OL464512W
sandra-newman	7	David Foster Wallace	Infinite Jest	OL2943602W
sandra-newman	8	Susanna Clarke	Jonathan Strange & Mr. Norrell	OL5703422W
sandra-newman	9	Edith Wharton	The Age of Innocence	OL98491W
sandra-newman	10	Djuna Barnes	Nightwood	OL505583W
sara-collins	1	Toni Morrison	Beloved	OL50548W
sara-collins	2	Margaret Atwood	The Handmaid's Tale	OL675783W
sara-collins	3	Jane Austen	Pride and Prejudice	OL66554W
sara-collins	4	Jean Rhys	Wide Sargasso Sea	OL1858668W
sara-collins	5	George Orwell	Nineteen Eighty-Four	OL1168083W
sara-collins	6	Salman Rushdie	Midnight's Children	OL457179W
sara-collins	7	Kazuo Ishiguro	The Remains of the Day	OL59048W
sara-collins	8	Leo Tolstoy	Anna Karenina	OL267096W
sara-collins	9	Barbara Kingsolver	The Poisonwood Bible	OL1846845W
sara-collins	10	Ralph Ellison	Invisible Man	OL495470W
sarah-bakewell	1	Thomas Mann	The Magic Mountain	OL14866824W
sarah-bakewell	2	Marcel Proust	In Search of Lost Time	OL1190289W
sarah-bakewell	3	Laurence Sterne	The Life and Opinions of Tristram Shandy, Gentleman	OL679230W
sarah-bakewell	4	Leo Tolstoy	War and Peace	OL36765642W
sarah-bakewell	5	Vasily Grossman	Life and Fate	OL157104W
sarah-bakewell	6	George Orwell	Nineteen Eighty-Four	OL1168083W
sarah-bakewell	7	Lewis Carroll	Alice's Adventures in Wonderland	OL151411W
sarah-bakewell	8	George Eliot	Middlemarch	OL25411286W
sarah-bakewell	9	EM Forster	Howards End	OL88881W
sarah-bakewell	10	Mervyn Peake	The Gormenghast Novels	OL2916988W
sarah-churchwell	1	F Scott Fitzgerald	The Great Gatsby	OL468431W
sarah-churchwell	2	Henry James	The Wings of a Dove	OL14861047W
sarah-churchwell	3	Charlotte Brontë	Jane Eyre	OL1095427W
sarah-churchwell	4	Jane Austen	Pride and Prejudice	OL66554W
sarah-churchwell	5	Henry James	The Portrait of a Lady	OL276365W
sarah-churchwell	6	Emily Brontë	Wuthering Heights	OL21177W
sarah-churchwell	7	Jane Austen	Emma	OL66513W
sarah-churchwell	8	Charles Dickens	David Copperfield	OL8662242W
sarah-churchwell	9	Mark Twain	Huckleberry Finn	OL53908W
sarah-churchwell	10	Herman Melville	Moby-Dick	OL102749W
sarah-crown	1	George Eliot	Middlemarch	OL25411286W
sarah-crown	2	Harper Lee	To Kill a Mockingbird	OL3140822W
sarah-crown	3	E. L. Doctorow	The Book of Daniel	OL55238W
sarah-crown	4	A. S. Byatt	Possession	OL115647W
sarah-crown	5	Susan Cooper	Grey King	OL894246W
sarah-crown	6	Philip Roth	American Pastoral	OL74666W
sarah-crown	7	Vladimir Nabokov	Pale Fire	OL627081W
sarah-crown	8	Dylan Thomas	Under Milk Wood	OL27494639W
sarah-crown	9	John Steinbeck	East of Eden	OL23166W
sarah-crown	10	Roald Dahl	Danny the Champion of the World	OL45865W
sarah-moss	1	Sarah Orne Jewett	The Country of the Pointed Firs	OL67238W
sarah-moss	2	George Eliot	Middlemarch	OL20867W
sarah-moss	3	Willa Cather	Shadows on the Rock	OL12827W
sarah-moss	4	Tove Jansson	The Summer Book	OL2196010W
sarah-moss	5	Charlotte Brontë	Jane Eyre	OL1095427W
sarah-moss	6	Dodie Smith	I Capture the Castle	OL1518582W
sarah-moss	7	Virginia Woolf	Mrs Dalloway	OL39349W
sarah-moss	8	Tarjei Vesaas	The Ice Palace	OL12996734W
sarah-moss	9	Hilary Mantel	Wolf Hall	OL464512W
sarah-moss	10	Jane Austen	Persuasion	OL66544W
sarah-waters	1	Charles Dickens	Bleak House	OL14868510W
sarah-waters	2	Salman Rushdie	Midnight's Children	OL457179W
sarah-waters	3	Marilynne Robinson	Housekeeping	OL1875010W
sarah-waters	4	Leo Tolstoy	Anna Karenina	OL267096W
sarah-waters	5	Cormac McCarthy	The Road	OL40873W
sarah-waters	6	WG Sebald	Austerlitz	OL46615W
sarah-waters	7	José Saramago	Blindness	OL27420W
sarah-waters	8	Muriel Spark	Memento Mori	OL26398W
sarah-waters	9	Gabriel García Márquez	One Hundred Years of Solitude	OL274505W
sarah-waters	10	Chinua Achebe	Things Fall Apart	OL891786W
sayaka-murata	1	Albert Camus	The Outsider	OL1230613W
sayaka-murata	2	Han Kang	The Vegetarian	OL17334243W
sayaka-murata	3	Franz Kafka	The Metamorphosis	OL498556W
sayaka-murata	4	Kawakami Hiromi	Record of a Night Too Brief	OL9907660W
sayaka-murata	5	Kazuo Ishiguro	Never Let Me Go	OL59038W
sayaka-murata	6	Osamu Dazai	No Longer Human	OL3923952W
sayaka-murata	7	Yoko Ogawa	The Memory Police	OL11690127W
sayaka-murata	8	Anna Kavan	Ice	OL11334034W
sayaka-murata	9	Yukio Mishima	Confessions of a Mask	OL1845165W
sayaka-murata	10	Yoko Tawada	Scattered All Over the Earth	OL25803691W
shahidha-bari	1	Emily Brontë	Wuthering Heights	OL21177W
shahidha-bari	2	E. M. Forster	A Passage to India	OL43041145W
shahidha-bari	3	Charles Dickens	Our Mutual Friend	OL41368739W
shahidha-bari	4	Salman Rushdie	Midnight's Children	OL457179W
shahidha-bari	5	Lucy Maud Montgomery	Anne of Green Gables	OL77746W
shahidha-bari	6	James Baldwin	Go Tell It on the Mountain	OL228705W
shahidha-bari	7	Jane Austen	Persuasion	OL66544W
shahidha-bari	8	Virginia Woolf	To the Lighthouse	OL39396W
shahidha-bari	9	Paul Beatty	The Sellout	OL17616758W
shahidha-bari	10	P. G. Wodehouse	Right Ho, Jeeves	OL1337129W
sian-cain	1	Edith Wharton	The Age of Innocence	OL98491W
sian-cain	2	Hilary Mantel	The Mirror and the Light	OL20665410W
sian-cain	3	Joseph Heller	Catch-22	OL276798W
sian-cain	4	Mary Shelley	Frankenstein	OL450063W
sian-cain	5	Margaret Atwood	The Handmaid's Tale	OL675783W
sian-cain	6	John Fowles	The Collector	OL15008W
sian-cain	7	Alexis Wright	Praiseworthy	OL37582070W
sian-cain	8	Donna Tartt	The Secret History	OL4321141W
sian-cain	9	Kazuo Ishiguro	The Remains of the Day	OL59048W
sian-cain	10	George Orwell	Nineteen Eighty-Four	OL1168083W
sinead-gleeson	1	James Joyce	Ulysses	OL86318W
sinead-gleeson	2	Virginia Woolf	To the Lighthouse	OL39396W
sinead-gleeson	3	Zora Neale Hurston	Their Eyes Were Watching God	OL27778127W
sinead-gleeson	4	Sylvia Townsend Warner	Lolly Willowes, Or, the Loving Huntsman	OL112769W
sinead-gleeson	5	Salman Rushdie	Midnight's Children	OL457179W
sinead-gleeson	6	Muriel Spark	The Prime of Miss Jean Brodie	OL26437W
sinead-gleeson	7	Lorrie Moore	Who Will Run the Frog Hospital?	OL32028W
sinead-gleeson	8	Marguerite Duras	The Lover	OL159382W
sinead-gleeson	9	John McGahern	Amongst Women	OL3846785W
sinead-gleeson	10	Anita Brookner	Hotel Du Lac	OL166437W
siri-hustvedt	1	Emily Brontë	Wuthering Heights	OL21177W
siri-hustvedt	2	Virginia Woolf	To the Lighthouse	OL39396W
siri-hustvedt	3	Charles Dickens	Bleak House	OL14868510W
siri-hustvedt	4	George Eliot	Middlemarch	OL25411286W
siri-hustvedt	5	Herman Melville	Moby-Dick	OL102749W
siri-hustvedt	6	Jane Austen	Pride and Prejudice	OL66554W
siri-hustvedt	7	Nathaniel Hawthorne	The Scarlet Letter	OL455305W
siri-hustvedt	8	James Joyce	Ulysses	OL86318W
siri-hustvedt	9	Toni Morrison	Beloved	OL50548W
siri-hustvedt	10	J. M. Coetzee	Waiting for the Barbarians	OL500388W
sophie-mackintosh	1	James Salter	Light Years	OL2009202W
sophie-mackintosh	2	Toni Morrison	Beloved	OL50548W
sophie-mackintosh	3	Charlotte Brontë	Jane Eyre	OL1095427W
sophie-mackintosh	4	Elfriede Jelinek	The Piano Teacher	OL15196311W
sophie-mackintosh	5	Javier Marías	Heart so White	OL953028W
sophie-mackintosh	6	James Baldwin	Giovanni's Room	OL228702W
sophie-mackintosh	7	Angela Carter	The Magic Toyshop	OL697437W
sophie-mackintosh	8	Graham Greene	The End of the Affair	OL106073W
sophie-mackintosh	9	Han Kang	The Vegetarian	OL17334243W
sophie-mackintosh	10	Alan Warner	Morvern Callar	OL86034W
stephen-king	1	Herman Melville	Moby-Dick	OL102749W
stephen-king	2	James Joyce	Ulysses	OL86318W
stephen-king	3	William Faulkner	Light in August	OL82931W
stephen-king	4	Carson McCullers	The Heart Is a Lonely Hunter	OL11081469W
stephen-king	5	Salman Rushdie	The Satanic Verses	OL457175W
stephen-king	6	Flannery O'Connor	Wise Blood	OL19667678W
stephen-king	7	Mark Twain	Huckleberry Finn	OL53908W
stephen-king	8	Gustave Flaubert	Madame Bovary	OL19350876W
stephen-king	9	Émile Zola	Nana	OL118984W
stephen-king	10	Frank Norris	McTeague	OL1794911W
steven-poole	1	Fyodor Dostoyevsky	The Brothers Karamazov	OL10432709W
steven-poole	2	Marcel Proust	In Search of Lost Time	OL1190289W
steven-poole	3	Herman Melville	Moby-Dick	OL102749W
steven-poole	4	Vladimir Nabokov	Pale Fire	OL627081W
steven-poole	5	Jane Austen	Pride and Prejudice	OL66554W
steven-poole	6	Ford Madox Ford	The Good Soldier	OL509889W
steven-poole	7	Ernest Hemingway	A Farewell to Arms	OL63072W
steven-poole	8	Penelope Fitzgerald	The Blue Flower	OL20771W
steven-poole	9	Denis Johnson	Tree of Smoke	OL545415W
steven-poole	10	Mary Shelley	Frankenstein	OL450063W
stuart-kelly	1	George Eliot	Middlemarch	OL25411286W
stuart-kelly	2	Laurence Sterne	The Life and Opinions of Tristram Shandy, Gentleman	OL679230W
stuart-kelly	3	Herman Melville	Moby-Dick	OL102749W
stuart-kelly	4	James Joyce	Ulysses	OL86318W
stuart-kelly	5	Mark Z. Danielewski	House of Leaves	OL32195W
stuart-kelly	6	Georges Perec	A Void	OL21016756W
stuart-kelly	7	Christine Brooke-Rose	Textermination	OL3820668W
stuart-kelly	8	Muriel Spark	Loitering With Intent	OL26427W
stuart-kelly	9	David Mitchell	Cloud Atlas	OL482454W
stuart-kelly	10	China Miéville	The City & the City	OL19341943W
sukhdev-sandhu	1	Jerome K. Jerome	Three Men in a Boat	OL1793164W
sukhdev-sandhu	2	Alfred Döblin	Berlin Alexanderplatz	OL1434640W
sukhdev-sandhu	3	Thomas Hardy	Jude the Obscure	OL44986W
sukhdev-sandhu	4	Émile Zola	Germinal	OL118986W
sukhdev-sandhu	5	VS Naipaul	A House for Mr Biswas	OL43348070W
sukhdev-sandhu	6	Robert Musil	The Man Without Qualities	OL20498876W
sukhdev-sandhu	7	R. K. Narayan	Swami and Friends	OL43348053W
sukhdev-sandhu	8	Bohumil Hrabal	Too Loud a Solitude	OL25110842W
sukhdev-sandhu	9	Laurence Sterne	The Life and Opinions of Tristram Shandy, Gentleman	OL679230W
sukhdev-sandhu	10	Halldór Laxness	The Fish Can Sing	OL7922785W
susanna-rustin	1	Virginia Woolf	Mrs Dalloway	OL26733889W
susanna-rustin	2	Jane Austen	Emma	OL66513W
susanna-rustin	3	Henry James	The Portrait of a Lady	OL276365W
susanna-rustin	4	Chinua Achebe	Things Fall Apart	OL891786W
susanna-rustin	5	Muriel Spark	The Girls of Slender Means	OL43044532W
susanna-rustin	6	Kazuo Ishiguro	Klara and the Sun	OL20883297W
susanna-rustin	7	Toni Morrison	Beloved	OL50548W
susanna-rustin	8	Charlotte Brontë	Jane Eyre	OL1095427W
susanna-rustin	9	Charles Dickens	Bleak House	OL14868508W
susanna-rustin	10	Elena Ferrante	My Brilliant Friend	OL16520879W
tahmima-anam	1	Salman Rushdie	Midnight's Children	OL457179W
tahmima-anam	2	Toni Morrison	Beloved	OL50548W
tahmima-anam	3	Leo Tolstoy	Anna Karenina	OL267096W
tahmima-anam	4	Chinua Achebe	Things Fall Apart	OL891786W
tahmima-anam	5	Jane Austen	Persuasion	OL66544W
tahmima-anam	6	F Scott Fitzgerald	The Great Gatsby	OL468431W
tahmima-anam	7	Charlotte Brontë	Jane Eyre	OL1095427W
tahmima-anam	8	Rokeya Sakhawat Hossain	Sultana's Dream	OL10247572W
tahmima-anam	9	Han Kang	The Vegetarian	OL17334243W
tahmima-anam	10	Willa Cather	My Ántonia	OL12791W
tanjil-rashid	1	Franz Kafka	The Trial	OL498463W
tanjil-rashid	2	Herman Melville	Moby-Dick	OL26158026W
tanjil-rashid	3	V. S. Naipaul	The Enigma of Arrival	OL103095W
tanjil-rashid	4	Ibn Tufayl	The Improvement of Human Reason	OL10987860W
tanjil-rashid	5	Thomas Mann	Joseph and His Brothers	OL14867079W
tanjil-rashid	6	Giuseppe Tomasi di Lampedusa	The Leopard	OL2386322W
tanjil-rashid	7	Anonymous	One Thousand and One Nights	OL24598751W
tanjil-rashid	8	Salman Rushdie	Midnight's Children	OL457179W
tanjil-rashid	9	Bibhutibhushan Bandopadhyay	Pather Panchali	OL8640095W
tanjil-rashid	10	Philip Roth	Operation Shylock	OL74650W
tessa-hadley	1	Leo Tolstoy	War and Peace	OL36765642W
tessa-hadley	2	George Eliot	Middlemarch	OL25411286W
tessa-hadley	3	Charlotte Brontë	Jane Eyre	OL1095427W
tessa-hadley	4	Gustave Flaubert	Madame Bovary	OL893707W
tessa-hadley	5	Jane Austen	Persuasion	OL66544W
tessa-hadley	6	Nadine Gordimer	A Guest of Honour	OL118276W
tessa-hadley	7	Ford Madox Ford	Parade's End	OL509919W
tessa-hadley	8	DH Lawrence	The Rainbow	OL81293W
tessa-hadley	9	Henry James	The Ambassadors	OL276470W
tessa-hadley	10	Elizabeth Bowen	The Death of the Heart	OL724067W
tom-crewe	1	Anthony Trollope	The Palliser Novels	OL43115667W
tom-crewe	2	Leo Tolstoy	Anna Karenina	OL267096W
tom-crewe	3	Stendhal	The Red and the Black	OL733640W
tom-crewe	4	Honoré de Balzac	Cousin Bette	OL17644895W
tom-crewe	5	George Eliot	Middlemarch	OL25411286W
tom-crewe	6	Jane Austen	Mansfield Park	OL66530W
tom-crewe	7	Margaret Oliphant	Miss Marjoribanks	OL28556190W
tom-crewe	8	Victor Hugo	Les Misérables	OL1063588W
tom-crewe	9	Charles Dickens	Pickwick Papers	OL41016555W
tom-crewe	10	Henry James	The Ambassadors	OL276470W
uzma-aslam-khan	1	Eduardo Galeano	Memory of Fire	OL698192W
uzma-aslam-khan	2	Arundhati Roy	The God of Small Things	OL1052133W
uzma-aslam-khan	3	Edward P Jones	The Known World	OL4112928W
uzma-aslam-khan	4	Laila Lalami	The Moor's Account	OL19670981W
uzma-aslam-khan	5	Michael Ondaatje	The English Patient	OL53071W
uzma-aslam-khan	6	Patrick Chamoiseau	Slave Old Man	OL21364937W
uzma-aslam-khan	7	Leslie Silko	Ceremony	OL7972956W
uzma-aslam-khan	8	Toni Morrison	Beloved	OL50548W
uzma-aslam-khan	9	Adania Shibli	Minor Detail	OL20801026W
uzma-aslam-khan	10	Virginia Woolf	A Room of One's Own	OL39379W
valeria-luiselli	1	Cormac McCarthy	The Road	OL40873W
valeria-luiselli	2	Juan Rulfo	Pedro Páramo	OL1731119W
valeria-luiselli	3	Gabriel García Márquez	One Hundred Years of Solitude	OL274505W
valeria-luiselli	4	JM Coetzee	Disgrace	OL500451W
valeria-luiselli	5	Dino Buzzati	The Tartar Steppe	OL1437339W
valeria-luiselli	6	Italo Svevo	Confessions of Zeno	OL2276498W
valeria-luiselli	7	Nellie Campobello	Cartucho	OL37487420W
valeria-luiselli	8	George Orwell	Nineteen Eighty-Four	OL1168083W
valeria-luiselli	9	James Joyce	Ulysses	OL86318W
valeria-luiselli	10	Josefina Vicens	The Empty Book	OL4100647W
william-boyd	1	James Joyce	Ulysses	OL86318W
william-boyd	2	Marcel Proust	In Search of Lost Time	OL1190289W
william-boyd	3	Jane Austen	Emma	OL190034W
william-boyd	4	Vladimir Nabokov	Pale Fire	OL627081W
william-boyd	5	Charles Dickens	Our Mutual Friend	OL41368739W
william-boyd	6	Evelyn Waugh	Scoop	OL5721472W
william-boyd	7	George Eliot	Mill on the Floss	OL20938W
william-boyd	8	Laurence Sterne	The Life and Opinions of Tristram Shandy, Gentleman	OL679230W
william-boyd	9	Franz Kafka	The Trial	OL498463W
william-boyd	10	Emily Brontë	Wuthering Heights	OL21177W
xan-brooks	1	John Steinbeck	Cannery Row	OL23199W
xan-brooks	2	F Scott Fitzgerald	The Great Gatsby	OL468431W
xan-brooks	3	Vladimir Nabokov	Pale Fire	OL627081W
xan-brooks	4	George Eliot	Middlemarch	OL20867W
xan-brooks	5	Willa Cather	My Ántonia	OL12791W
xan-brooks	6	Charles Dickens	Bleak House	OL14868510W
xan-brooks	7	Ralph Ellison	Invisible Man	OL495470W
xan-brooks	8	Bernard Malamud	A New Life	OL1937850W
xan-brooks	9	Cormac McCarthy	Blood Meridian	OL40879W
xan-brooks	10	Ursula K. Le Guin	A Wizard of Earthsea	OL59798W
yael-van-der-wouden	1	Jane Austen	Pride and Prejudice	OL66554W
yael-van-der-wouden	2	Octavia E Butler	Kindred	OL37620555W
yael-van-der-wouden	3	E. M. Forster	Maurice	OL88877W
yael-van-der-wouden	4	Toni Morrison	Beloved	OL50548W
yael-van-der-wouden	5	Art Spiegelman	Maus	OL2056818W
yael-van-der-wouden	6	Paul Murray	Bee Sting	OL28856510W
yael-van-der-wouden	7	Barbara Kingsolver	Demon Copperhead	OL27052926W
yael-van-der-wouden	8	Louise Erdrich	Love Medicine	OL479009W
yael-van-der-wouden	9	Alison Bechdel	Fun Home	OL1835957W
yael-van-der-wouden	10	Torrey Peters	Stag Dance	OL42396177W
yagnishsing-dawoor	1	Gabriel García Márquez	One Hundred Years of Solitude	OL274505W
yagnishsing-dawoor	2	Salman Rushdie	Midnight's Children	OL457179W
yagnishsing-dawoor	3	Toni Morrison	Beloved	OL50548W
yagnishsing-dawoor	4	Arundhati Roy	The God of Small Things	OL1052133W
yagnishsing-dawoor	5	J. M. Coetzee	Waiting for the Barbarians	OL500388W
yagnishsing-dawoor	6	Chimamanda Ngozi Adichie	Half of a Yellow Sun	OL5731542W
yagnishsing-dawoor	7	Zadie Smith	White Teeth	OL481143W
yagnishsing-dawoor	8	Abdulrazak Gurnah	Paradise	OL3958403W
yagnishsing-dawoor	9	Kazuo Ishiguro	The Remains of the Day	OL59048W
yagnishsing-dawoor	10	Jon Fosse	Septology	OL27871634W
yan-lianke	1	Miguel de Cervantes	Don Quixote	OL503666W
yan-lianke	2	Pu Songling	Strange Tales From a Chinese Studio	OL19926957W
yan-lianke	3	Leo Tolstoy	War and Peace	OL267171W
yan-lianke	4	Fyodor Dostoyevsky	The Brothers Karamazov	OL10432709W
yan-lianke	5	Gustave Flaubert	Madame Bovary	OL893707W
yan-lianke	6	James Joyce	Ulysses	OL86318W
yan-lianke	7	Juan Rulfo	Pedro Páramo	OL1731119W
yan-lianke	8	Franz Kafka	The Castle	OL498434W
yan-lianke	9	Marcel Proust	In Search of Lost Time	OL1190289W
yan-lianke	10	Jane Austen	Pride and Prejudice	OL66554W
yiyun-li	1	George Eliot	Middlemarch	OL20867W
yiyun-li	2	Jane Austen	Persuasion	OL66544W
yiyun-li	3	Herman Melville	Moby-Dick	OL102749W
yiyun-li	4	Leo Tolstoy	War and Peace	OL36765642W
yiyun-li	5	Virginia Woolf	To the Lighthouse	OL39396W
yiyun-li	6	Ernest Hemingway	A Farewell to Arms	OL63072W
yiyun-li	7	William Trevor	The Story of Lucy Gault	OL1863366W
yiyun-li	8	Shirley Hazzard	The Transit of Venus	OL103066W
yiyun-li	9	Marilynne Robinson	Housekeeping	OL1875010W
yiyun-li	10	Zadie Smith	White Teeth	OL481143W
